"Sample_Number","Tr","Time","X.Pyruvic.acid..1TMS.","X.Lactic.Acid..2TMS.","X.Valine..1TMS.","X.Alanine..2TMS.","X.Leucine..2TMS.","X.Threonine..2TMS.","X.Proline..2TMS.","X.Succinic.acid..2TMS.","X.Glycine..3TMS.","X.Fumaric.acid..2TMS.","X.Serine..3TMS.","X.Methionine..1TMS.","X.Aspartic.acid..2TMS.","X.Glutamine...H2O...2TMS.","X.Malic.acid..3TMS.","X.Glutamic.acid..2TMS.","X.2.Oxoglutaric.acid..1MEOX...2TMS..BP","X.Threonic.acid..4TMS.","X.Phenylalanine..2TMS.","X.Asparagine..3TMS.","X.Putrescine..4TMS.","X.Ornithine..4TMS.","X.Citric.acid..4TMS.","X.Fructose..1MEOX...5TMS..MP","X.Galactose..1MEOX...5TMS..MP","X.Lysine..4TMS.","X.Tyrosine..3TMS.","X.Glucose..1MEOX...5TMS..BP","X.Gluconic.acid..6TMS.","X.myo.Inositol..6TMS.","X.Sucrose..8TMS.","X.Trehalose..8TMS.","X.Maltose..1MEOX...8TMS..MP","X.Melibiose..1MEOX...8TMS..BP","X.Galactinol..9TMS."
"1","C","2",0.0852427618953043,0.0491086159453697,0.144247254226111,0.00156387468512023,0.0969195155609919,0.114417943009636,0.0249713509140996,0.0307622862247677,0.0921497844770052,0.0112159607797329,0.157802030306983,0.0881928301316165,0.0291121959445852,0.18296916860963,0.0222622288951474,0.0854841395119741,0.0214388012509599,0.0269538062183476,0.313879142914425,0.127987702683088,0.716001709795976,0.0606122520929027,0.00127543991687592,0.00231670735514318,0.0131799201233242,0.187392803102766,0.160415647073713,0.0179226362289103,0.000553369480019701,0.00979403686950448,0.00227536946832202,0.0156342033278906,0.0269636242551219,0.0934507392877555,0.0228602602573757
"10","P","2",0.558049295776896,0.401992062922632,0.272605500596474,0.00996339098511001,0.231413354757639,0.626910179644745,0.107592618770295,0.185810041939907,0.255849659585538,0.0341216266418233,0.0145034025316524,0.403424777505604,0.10330792677901,0.0825023555258835,0.00319902832564945,0.594910124514472,0.353585815982808,0.163113268508648,0.213984710586636,0.226050902387957,0.207828102040725,0.365191544957177,0.0199117287914997,0.00989315206047745,0.0360923238065837,0.61929832268557,0.106044575845937,0.148047848065825,0.00355768072921251,0.106205459254044,0.0121019870362957,0.154295665039775,0.151287255561804,0.057036584171195,0.0478487164213644
"11","F","2",0.271470116507799,0.356765840737987,0.205034099249476,0.00213983687763626,0.0846059657773675,0.254182381509412,0.0368077971157486,0.268940116332505,0.182157998765322,0.0646414919850574,0.0755024995899356,0.286802892941162,0.0504986015446409,0.0521624839927805,0.0241034666394585,0.279001292443346,0.123947547250841,0.204454572859364,0.154650938950605,0.171159889383963,0.0933943620728855,0.231727359936942,0.362517221914311,0.0380264536803579,0.0316679538540074,0.140984987565671,0.0714762065953655,0.073421141168171,0.138730344716694,0.142393590131508,0.00774147787102517,0.0866019307186671,0.550350465702039,0.399496403367362,0.443702741931321
"12","F","2",0.174048456280181,0.150637708780394,0.168133740485911,0.0019500107486007,0.0732974469159246,0.272247291087062,0.02851324369978,0.690057510875494,0.162805633139664,0.149226846610696,0.00245382827212767,0.312507345584072,0.0880134714968091,0.030349284348551,0.328969793331912,0.181515847808424,0.227229848841728,0.821724535438587,0.0865674826689277,0.559281492779893,0.0530181979800972,0.224824635880425,0.451616764075832,0.232084023908339,0.0408145307621068,0.230225297172164,0.10521095544411,0.118800769171179,0.477797333034213,0.334340715714523,0.00436190495849346,0.0736136254724516,0.669831464265343,0.51560813751573,0.659690522419824
"13","F","2",0.155696929002157,0.295965014552056,0.2388151536023,0.00782318072170605,0.183581279325505,0.348798616351298,0.0782359297041646,0.188675560676902,0.285186917899191,0.0498300082964822,0.0625264071751069,0.784442961366626,0.0910973614250409,0.120192992594672,0.00336522819761081,0.435487988654444,0.232996019221122,1,0.253746475207758,1,1,0.394267190639681,0.0137088098045528,0.155448886277732,0.297672852947976,0.467196423110613,0.0997981471646674,0.773563310048874,0.0694693841443122,0.602387304286325,0.0103495046153393,0.440160863125832,0.363900151732481,0.639278633280443,0.285538921060348
"14","F","2",0.612160030984713,0.321783123252797,0.275778354706907,0.00454763735182056,0.162713524609177,0.456059809614154,0.042565802836691,0.452657398266378,0.376099031200363,0.0295976915561443,0.194636294898785,0.385008065920731,0.0672137831501873,0.15335701893965,0.00240567381400736,0.252309310372362,0.174701104647292,0.376093551646304,0.318908543139926,0.201550701661411,0.141328929312253,0.345187408668638,0.233124096029232,0.132594445526211,0.147898397775189,0.396872475365554,0.125339447830708,0.347156299338392,0.0170203695045722,0.281539243735855,0.0434549945851456,0.0926796056082864,0.332668581050125,0.132744046364777,0.177305373010092
"15","F","2",0.347449475073387,0.47076444282949,1,0.0943162335824804,0.206185265906877,0.575146815681024,0.292803835036487,1,0.790570185292342,1,0.319283504191564,0.630044384499921,1,0.248087534291013,1,1,1,0.457492259830424,0.771893396751947,0.867226988703674,0.280327042592938,0.321176530711377,0.79427234611017,0.528980341674321,0.527687768289206,0.488096891044423,1,0.306151385924025,1,0.466075409460411,0.0136864091866343,0.161069480225658,0.662809856737815,0.251986949801008,1
"17","M","2",0.47051188465506,0.253551487152177,0.281838162415673,0.00539475277336392,0.159145709976206,0.341368094026346,0.0675601257052678,0.125373999153876,0.380728252640572,0.0301461396436146,0.213663407367584,0.311308039226612,0.0545974622419994,0.0654683418655582,0.00114699748540625,0.26132434886383,0.0463351513288228,0.128739616666899,0.322027000010055,0.152071832428722,0.329676560555247,0.244888017045116,0.00659168795443355,0.0170575416873127,0.023776575919834,0.258631172837826,0.0815173974918073,0.100312533181163,0.00317294464887525,0.279993409730345,0.0117104443521322,0.0655083027846582,0.124610054204916,0.242824278244687,0.0873784765351039
"18","M","2",0.386763563047942,0.574945595107485,0.399845834385198,0.0376668073160104,0.286078356291511,0.653535389352821,0.119542990480244,0.303035349443005,0.598644328828075,0.0768274899166989,0.0139212665208547,0.52847190548506,0.109851760879343,0.0731415140180025,0.0216138294726756,0.51674390636771,0.114171769726467,0.115041884937751,0.22373801671379,0.19524463653824,0.185600787188323,0.51821969267278,0.0164853412469751,0.00895254286589501,0.0367493352805452,0.524537476208298,0.0817856615051353,0.119549760574988,0.0076846624309216,0.0244654804548125,0.0180149823907726,0.148374032025298,0.161220079278163,0.180195050910695,0.0451902549702091
"19","M","2",0.494463124937317,0.443906923330078,0.384249650954539,0.0232085115183921,0.265534244903563,0.527179820560033,0.156317878714704,0.215288576680793,0.461240052446945,0.0389045927198632,0.0109204281911263,0.506775592126207,0.260215941302259,0.264356516311159,0.00641110527594121,0.678178090177145,0.0964405916461661,0.162609442524561,0.269506216503648,0.2660048881284,0.621649175799435,0.670058453141322,0.0287865536199075,0.026116568429482,0.0409380239460429,0.342841083486319,0.142352109909448,0.323559820703484,0.00768488411207564,0.180765540588218,0.0199995447955141,0.143488559074045,0.212054168087323,0.210441467752925,0.0564547864399842
"2","C","2",0.139441676569802,0.0844415597446542,0.0764454575620005,0.00159940235843483,0.0319624570244899,0.108523027447221,0.0149176327589057,0.0345784029184744,0.0411975345113638,0.0100498318539316,0.00190676074078555,0.0817484043081689,0.0131744229916855,0.0287475202164591,0.000927301290197242,0.0790316967355951,0.0321426888689734,0.272594399991714,0.12722283837398,0.0823272948690439,0.135813755008215,0.0752175198528652,0.00227099754682233,0.00179965958555923,0.0132837741723915,0.127501449116144,0.0322736478916572,0.0156703172523583,0.00292155909498113,0.151048385322073,0.00122513420396794,0.0300286654815212,0.142878069785536,0.144189439426303,0.0277709013978545
"20","M","2",0.477269160535308,0.263300989480518,0.911174590076619,0.00539784159031605,0.18285009288105,0.405976465918268,0.080388701467315,0.214953416908162,0.475178478191218,0.0709964144824695,0.279120815229652,0.605329548482008,0.0992279907324288,1,0.0132522529666664,0.419822501715436,0.0719898485121404,0.0928194489086761,0.823951679893839,0.337997833470236,0.383446248033682,0.422980889529568,0.0762204013118014,0.0185092827109027,0.0257742290028189,0.773584501593941,0.219101314844175,0.127980790608828,0.00703207140542764,0.09692053237989,0.0072821963714858,0.0714135444159247,0.106516732367222,0.439602563411518,0.0642987037301228
"21","C","4",0.099592178788186,0.191436827818196,0.124753521907808,0.0145415083938011,0.0945461786188612,0.26952785910902,0.0364586680898699,0.055622063668775,0.191364446784617,0.0176432346543491,0.106998315868384,0.221811036616961,0.0487017989315422,0.0459192166457591,0.00307595969440808,0.178040740940165,0.0420454327336731,0.109016773223317,0.257942299594192,0.121150689446912,0.102243793181398,0.192651525744827,0.00502834926925272,0.0072098880641272,0.0283004604206912,0.16971130825788,0.101894859897477,0.150716658291331,0.00155943401797018,0.093248564097559,0.00831144611483029,0.0495217757215221,0.204180098728475,0.262851195966473,0.0308654820941948
"22","C","4",0.147642792556606,0.0444610891265594,0.0827022293900355,0.00154061110024965,0.0313496854256936,0.133056735184817,0.0158630745805486,0.0243204534021381,0.0586190825742521,0.0104843632780756,0.0831246018890386,0.0611410277415985,0.0173403064706081,0.0197375549409174,0.00156832797561624,0.069262489918537,0.0390478034339002,0.0342027270911651,0.175889245821989,0.0511889812845182,0.384754915690175,0.0639975928791754,0.00150968058676523,0.00270146175217015,0.00908430476556128,0.128848110675308,0.0524314779127482,0.0245135923844751,0.000704929017786016,0.00371810988390729,0.00209340314918954,0.0184618912147392,0.0329931176917173,0.0618466176458743,0.00323628825625475
"23","C","4",0.118462753645483,0.171003477412959,0.108563809155461,0.00285856900815673,0.0924423266715958,0.184471302738319,0.0370997297004526,0.0809572322051466,0.136248838688475,0.0208758863402872,0.133293521443879,0.274577946878789,0.0489324903586013,0.0400122610120289,0.00232460350725703,0.243494476367682,0.181694537062393,0.317294903284329,0.217117243669438,0.201040928122783,0.152616531465624,0.224572129630424,0.00550605683205803,0.100214561825112,0.0248976956895422,0.209458081286,0.108929400527497,0.204650768306646,0.00484879214964452,0.162605078715574,0.00291699964880025,0.0611617813957427,0.206272422095138,0.204441751736403,0.0261523141991471
"24","C","4",0.0995961805795624,0.0599009627734758,0.0632642755249147,0.128424307878125,0.16739048207754,0.156243329719363,0.138443538876404,0.0229025999984165,0.0882871439170705,0.00904483926501189,0.151154014037012,0.0645993162707082,0.00780919647527411,0.0333566595508347,0.00120879387533391,0.0825972723925405,0.0382083645379392,0.131831628382191,0.176570223785426,0.107966873974095,0.159078569854248,0.09290011665865,0.00517872293947256,0.0051498817828136,0.0186439647943779,0.136903840865072,0.0403636999744866,0.0508972641556845,0.00399750859155614,0.166388371613727,0.00254327352610367,0.0280349571110406,0.251184502035078,0.155592151267396,0.0360745316490412
"25","C","4",0.122490057902023,0.100411186461031,0.0967693352158229,0.00144016626141081,0.0501023482600354,0.161868880433976,0.0267858981636686,0.0394640372481414,0.10983837140958,0.0135191729084302,0.164323333980652,0.126430728244658,0.0288155464649992,0.0474607630773922,0.00188701177695649,0.164209179751542,0.124480651905497,0.132447739088953,0.3020165233545,0.119912502146432,0.32244347854977,0.127752433436552,0.00701539641272624,0.086560992057664,0.018727147314763,0.241279164213957,0.0788365607214459,0.136740036858036,0.00354461950161803,0.120541119938919,0.00306220328901503,0.0504483113467472,0.252536787592282,0.06211167040287,0.0288448764501115
"26","P","4",0.857650228147995,0.526795957653549,0.401429542351832,0.0100932794642882,0.272195972616431,0.438622476500315,0.154563712431242,0.272571090376612,0.477217509094896,0.0584885691455978,0.0647978317387706,0.646871964381594,0.166722504069449,0.154858442594383,0.0107011224322952,0.69597619121381,0.156463067517089,0.286240686734465,0.651329015242003,0.344484987151371,0.62116902306087,0.80505284562237,0.285688032428115,0.0900417612626641,0.0723290029903765,0.749870192203963,0.415982926170133,0.392025765130044,0.00883067530651067,0.371115246891271,0.0139849418444612,1,0.357371072377902,0.414892561914982,0.193885708687063
"27","P","4",0.670566417572809,0.615268228373019,0.365049415286963,0.0149223155014569,0.329893259993019,0.589153056891068,0.158325027843023,0.519933260436867,0.730359654435956,0.092543101814962,0.0399848326833789,0.57442483886598,0.135863122491045,0.306492669840253,0.00597306207007291,0.722876367997492,0.199930770885885,0.311388417702403,0.347567687416954,0.260881521763106,0.168087526897626,0.729187024220781,0.0425500049317343,0.0386197428189373,0.0632690494059466,0.523288642411119,0.195428198497776,0.517771036999746,0.0196076495622989,0.380611911886899,0.0158863250617346,0.42513783251475,0.417389974220603,0.658662476512971,0.505657636686201
"28","P","4",0.28619756898256,0.391520496067188,0.307728142370035,0.0187318757085164,0.303315599486784,0.4199602644353,0.123558742513985,0.430950548790058,0.450821126833735,0.0847431076473662,0.0453458200532727,0.504772675534063,0.285095828197404,0.244065563094161,0.00409829115757678,0.576516325371903,0.126896159821317,0.220450307215798,0.35551440529019,0.270823684205228,0.165058013855502,0.600053571506827,0.04499948202287,0.0471202266349392,0.0514048218732146,0.370760872172315,0.0985382263605692,0.287451622667954,0.00479087256917232,0.313558588931168,0.00860971002030211,0.174930314999788,0.267419217547494,0.55112827588857,0.202167972821277
"29","P","4",0.277735812953649,0.233332449226384,0.171698665217011,0.00508304221871055,0.13425582095692,0.307525950631279,0.0526154078845072,0.106178093484432,0.196057540897604,0.0264961497705613,0.067137127005714,0.212850416098968,0.058159724160485,0.043166568015336,0.00179441769469605,0.260174163257056,0.0763616608414752,0.112286411994499,0.25056782342725,0.305612360262015,0.185038602025386,0.320213567596646,0.013133667999152,0.00418582391747756,0.0243518254849167,0.246412732940643,0.0960388202098281,0.229647732119236,0.00647689856159971,0.00865031036442272,0.00976035672855186,0.0693166236023189,0.141863155259671,0.0767306394457297,0.0166419623583231
"3","C","2",0.0975469831697328,0.126904806157249,0.146739792562385,0.00210022202110826,0.0895907851491619,0.253537258007947,0.0412207814024271,0.101335559060645,0.131591454195934,0.0197077997013033,0.00336796677881828,0.363269911280818,0.0473849548937245,0.0762892620602492,0.00196312729433513,0.210445685984231,0.0734275398847046,0.421658571223278,0.0958725163000044,0.369346554221756,0.066748696316923,0.245571946706907,0.0125555284272365,0.29259208823642,0.444722024498382,0.244091364979159,0.078548051069088,0.369637144579498,0.0163838664570588,0.246560113530491,0.0118553123410115,0.0743052783220059,0.423760977482183,0.284926877126797,0.0564952329240205
"30","P","4",0.316009508348497,0.363543875584399,0.214059338650595,0.0197966595497939,0.215325682132851,0.415046416263642,0.0888109162947856,0.192838055865405,0.324523933090447,0.0320303477469463,0.0101242451303401,0.308130312201205,0.107679855235806,0.0446633793996494,0.00350157816083411,0.346639818282637,0.0891677437876611,0.103212492977793,0.202277858563919,0.197164988787182,0.189212588863293,0.502266677625947,0.0226590498823212,0.00732883307851919,0.0362675128190994,0.281173370281697,0.117054534959379,0.128211826172416,0.00402541688051751,0.0222910647784338,0.00933874941088258,0.104443371494184,0.198107020286608,0.116186659766555,0.0443670061671729
"31","F","4",0.104752986387661,0.100506435517356,0.0497458770311809,0.00307255623674368,0.0540705902124905,0.145770398383022,0.0191109765110204,0.0665170873326442,0.037882087345223,0.0189769898998008,0.00366595700809885,0.125185347778711,0.0157112536379046,0.0178153367837097,0.00184922632981923,0.169818571320692,0.0944223854253865,0.104486454705319,0.0387044445340917,0.0711459764380377,0.0529289375821448,0.130014331414361,0.0031802530058517,0.00235761527875795,0.0129909355452236,0.0920548202429445,0.00706298938287875,0.0242805466012723,0.00825782011664255,0.00302661194187531,0.00206615864331665,0.0446895489042332,0.414505227447077,0.0778656560959783,0.043240949996031
"32","F","4",0.108785175001939,0.152997893649684,0.0859320310350684,0.00331963446820691,0.102886505010708,0.192683826857404,0.0216041771053322,0.0637100087027328,0.00868239042272317,0.01185732548439,0.00132609004924364,0.1430695376998,0.0134654819352872,0.014880001288699,0.00158276236483917,0.123693005207001,0.0344763059985314,0.278933874531245,0.024297327792147,0.0797375906732929,0.0166488092921275,0.191327050431158,0.0047274092726096,0.00301263345162666,0.0217320774608612,0.0630401368588385,0.00302363620762235,0.0455636453572701,0.0125561070939567,0.00720707281686246,0.0422352496019958,0.059313384643685,0.282153174090619,0.0851867825613224,0.010657552850948
"33","F","4",0.252704150113055,0.09303725882997,0.062709003513162,0.00241782034147703,0.0584027422765595,0.302092924781122,0.018966301094806,0.441231527832186,0.0974245782181289,0.063203656165632,0.035379954448503,0.380045095762158,0.0250191869471421,0.0380198788070007,0.0283848542217374,0.111259290367139,0.230575238960946,0.478194670652042,0.18597243913101,0.436840710303726,0.114139974955027,0.164446063427815,0.167837297517974,0.538245770796956,0.043793883779674,0.309839132834493,0.133101876053105,0.126706667393375,0.675036497281381,0.383173096807109,0.00307234481701249,0.0376421569426048,0.252269817010757,0.0531250783405329,0.25434615282335
"34","F","4",0.110653095608176,0.143528919686911,0.0814730157942921,0.00352900744422424,0.0803490544843063,0.180736555650462,0.0289103458478464,0.108180851767724,0.061403738032929,0.025265945262284,0.00295633357550626,0.24261179577352,0.0376525741346675,0.0190646336967841,0.00276755700982326,0.161264530008785,0.143111059642212,0.496664188570228,0.0826714718489144,0.465649514882513,0.243878843992818,0.193531358035678,0.00673084705798196,0.24193535122628,0.0572135029570418,0.207747451978274,0.0661071377163272,0.28533223033316,0.0169454035116504,0.397113529297571,0.00691443358667227,0.0934672632584608,0.297226980308596,0.154045280411807,0.370256598990324
"35","F","4",0.108367603605134,0.218105497941218,0.152944099581576,0.00452184555134487,0.107565316525754,0.266185866329083,0.0469957297596661,0.124905082926186,0.118698890264343,0.0264050686015224,0.00387579846821328,0.316292775858995,0.0477927058443441,0.0442088986899115,0.002159746058528,0.210254203967298,0.145114422124236,0.0955917379083885,0.11019718039671,0.0876913903821053,0.307683560848604,0.256336099104829,0.00387577629761039,0.00432205528481491,0.0156349430305881,0.160605498268427,0.0592413125145985,0.0819748524369778,0.002430267930923,0.00968953413690302,0.00318676305226372,0.0553854790426216,0.145398810389189,0.0641383741560094,0.235962324356086
"36","M","4",0.409538860441099,0.450920303352758,0.450305675749399,0.0140062130992138,0.252965450409469,0.593983034102553,0.0926107340665254,0.376503686125256,0.429572733389895,0.0537405382677595,0.0101954039631147,0.926681443441387,0.157576243368832,0.0873208459106062,0.00845878566443753,0.581257456658575,0.0987935166103351,0.371279322667396,0.165269718873559,0.304796977458879,0.21353752826156,0.647491988015586,0.388349715357711,0.160885134320395,0.115068752813608,0.335780227156258,0.134517234793774,0.329219461808064,0.0100082419840109,0.48743945689716,0.0345914975014442,0.180494124151984,0.440548984504545,0.466396384396755,0.255852053061111
"37","M","4",1,0.595371011163284,0.252612552202846,0.00705558569303169,0.228544774777078,0.539469758095031,0.0919402105323504,0.220841461010754,0.449089395926654,0.0423172262663972,0.348500230748697,0.44680788372206,0.0977290440347351,0.0925270907236706,0.00118805177647878,0.262318527972346,0.123023666636652,0.277340927888663,0.353815842239653,0.20222620631491,0.205656948110032,0.285337946530796,0.0122913958777681,0.0146934022373218,0.0434643072920445,0.471981307094973,0.102724769723552,0.18157962101326,0.00399906110159924,0.601310615614015,0.0135609845821367,0.0942424704978741,0.0882874768080747,0.0570680330361643,0.0118983107410679
"38","M","4",0.289811746192897,0.495091004773567,0.436341141734245,0.0414434111229341,0.293164216305527,0.535681095483405,0.0959278931044368,0.268154100935046,0.808607731574854,0.0614208656406589,0.0409933325073037,0.405857267379265,0.164125727126665,0.1035576667049,0.00697707813811004,0.447371404851583,0.125568689093528,0.0872542927703969,0.408397704629711,0.316779008072934,0.162341935150455,0.476656951669146,0.00340483524653645,0.0319194106989087,0.171091587239622,0.418850954925592,0.186657966321017,0.0609271564408545,0.00273977575686782,0.00551302611667235,0.00979743636136996,0.382715063783895,0.234649495043481,0.299916966522746,0.0375914372063096
"39","M","4",0.497360784254214,0.570460235150322,0.396120308633447,0.438123691198834,0.405203514557334,0.406697598165102,0.234991006285354,0.205203948852814,0.464630155764965,0.038043674738906,0.144806655333998,0.473463590941456,0.11741113698888,0.0219705603244126,0.00158579313347272,0.372294705019525,0.0958195676465104,0.0754877514933763,0.312734410282543,0.271487074029153,0.142757572829646,0.360474316330843,0.00680981914954148,0.00651664182422712,0.0288014509576803,0.297853453479637,0.123008111331371,0.108339833671104,0.00290198178503298,0.00371282154225919,0.0149117412857189,0.12342619308313,0.146794546900829,0.0520576803050421,0.00304518957575383
"4","C","2",0.0934530416732055,0.0865867984142367,0.070845843092876,0.00178984049475992,0.0386270267404924,0.135875848492942,0.0134495043588169,0.0328463934632495,0.0915417357584944,0.0130094437065044,0.00291319490800498,0.146279614971161,0.0344644303135812,0.0280923518709714,0.00157729000662686,0.106768452923974,0.0671646497466142,0.24985546670197,0.116729192137599,0.146550095479159,0.0984292474039898,0.113280197913356,0.00986559989949643,0.211480066013865,0.0341458566388214,0.132666965605088,0.0527258102397405,0.0817381838090806,0.00386816735625152,0.201085041297015,0.00433393652745565,0.0437063299494791,0.175686665260647,0.0619184869623988,0.0169334957289443
"40","M","4",0.587553374748881,0.683674962612962,0.536173196921697,0.0151628581352502,0.232292821049436,0.34622783949643,0.118592266153,0.189344151200755,0.614208383581481,0.0369414757622815,0.11438931974322,0.36051583223074,0.125484879481739,0.0626005972029293,0.00180542109119763,0.356645613486043,0.106989560666233,0.0672285897741335,0.325736460504542,0.166161777295108,0.153276390504,0.473274598776403,0.00862824879836925,0.00523742450376902,0.0221324569664878,0.371272969298154,0.191067346507841,0.0702119676430362,0.00148218835409148,0.0224609937737107,0.0168168222339195,0.136256574177174,0.113761887267648,0.0972349587402112,0.0342183823270631
"41","C","6",0.260544021188935,0.047980235001546,0.0700545021361235,0.00211451354331755,0.0304236757486507,0.234993497459165,0.015120856960679,0.0247194168280431,0.0564294918528159,0.00990985167870144,0.0516230684858598,0.153577365883345,0.0149126057059957,0.0364284212302897,0.000987493019884059,0.102634508464467,0.0248114457412151,0.208635389901998,0.176851705461545,0.108072050325055,0.128966190201842,0.0812763241340901,0.00717544403637587,0.0229328141576818,0.0520614178577555,0.179985644897732,0.0643465059332438,0.209863789803766,0.00845100751513037,0.195044730423414,0.00203054909856145,0.0429817269423344,0.568570614384944,0.151156619430597,0.029746912434846
"42","C","6",0.237285722749967,0.0683638543484212,0.162662413204777,0.00328144490243362,0.051711442717471,0.213289634312008,0.0235742446003483,0.0246076358168987,0.122191883806522,0.0144005941461766,0.067672244824154,0.134452441620819,0.0230590091242525,0.0444812073388069,0.00063485802996022,0.0830459840779662,0.0280774248501737,0.136816780102688,0.439247867185019,0.0720306833705911,0.303839444743601,0.0780511746464005,0.00229167424613379,0.00169079421229775,0.0142222354099349,0.219901011994377,0.0924381877056416,0.0191798143095558,0.00150967617939761,0.00791146405812207,0.0383518325743425,0.0240675646430677,0.0480050620597845,0.0213264909241194,0.00558335575784988
"43","C","6",0.170321587820204,0.161910439510605,0.158150935203079,0.00334591196686295,0.0822408098960253,0.300474699678418,0.0315061449173165,0.0584409299488772,0.163793535433601,0.0177184615630249,0.183014151002276,0.153291780816143,0.0449348764458817,0.0451471145403306,0.00103627185884932,0.162623560782671,0.032294686671145,0.0758917122461415,0.20735130567387,0.169669002960753,0.195728163894586,0.188264700071193,0.00195345891693574,0.00378971259463929,0.0188197262522243,0.215322324165929,0.0926341741739081,0.0567973755249159,0.000726120069311159,0.00311510790012393,0.00900944412274029,0.0343257172717777,0.0936994237921095,0.0504254980480078,0.009199887388754
"44","C","6",0.42753675601995,0.210291375173781,0.193612641761042,0.00372314354255003,0.124088993628247,0.430105518572115,0.0688958829264269,0.0653028902660096,0.286300158715216,0.0202742118461078,0.320175345422518,0.209255132798225,0.0725721619406282,0.0637649721183778,0.00193643596799279,0.196362302666209,0.039932398696404,0.0707928892449274,0.50583554382316,0.194648700793356,0.228769951977098,0.249143909251534,0.00411029601474465,0.0106086824042937,0.0440340941348534,0.344385088588618,0.211904241386937,0.182603404136131,0.00124206221171345,0.121768542046592,0.0133923454780277,0.0598998780976429,0.327922792193945,0.124485745128004,0.032515340346326
"45","C","6",0.179469806467062,0.330675719210862,0.17216800778273,0.00401679632178295,0.109362486776522,0.411917627385319,0.0408756911149807,0.06671543397266,0.197069716703412,0.0187166085329469,0.160419949569933,0.511012829764588,0.0518619345913477,0.0568328913692183,0.00148375915934038,0.173429541285567,0.12711734653959,0.344542463244563,0.184322297814471,0.140127928894777,0.300342370483506,0.219041749349452,0.00620910479612944,0.264671752141451,0.0823114771088957,0.222025097005753,0.069914636955014,0.17082856259248,0.00712982748559729,0.380592345420958,0.105071862786467,0.0674359671833712,0.436964985671811,0.288794261302225,0.210450734860127
"46","P","6",0.717388726614678,0.759108297266459,0.152485818543971,1,1,0.556197435510678,1,0.358710569223323,1,0.0953998437463909,1,0.730726067090133,0.34024538377936,0.101628101652295,0.00304095601040421,0.485987897760818,0.114899663086482,0.171171127741387,0.82472471048454,0.29122386298626,0.212953964091517,0.547335048928213,0.0359281901709447,0.0173091752704772,0.0381272296756083,0.510191676835816,0.217070697561601,0.551280000154945,0.00335508018888231,0.205484582336399,0.0250482174667242,0.140775812577597,0.219766082894627,0.158022682504702,0.0208033645295052
"47","P","6",0.962965461426334,1,0.707998042376243,0.126290867398465,0.521973823312299,1,0.149633945654215,0.529411695514259,0.698723813379996,0.076930350776769,0.181930597067851,1,0.873036610985913,0.24685071607509,0.0041901333540741,0.707910802756457,0.220437800534146,0.672441274869223,0.539709520736696,0.756602649724736,0.166922841767937,1,0.765824376632223,1,0.917678973601473,1,0.404663238843188,0.558658893009636,0.0134724917721849,1,0.335644733510399,0.319822426987504,0.425393027221964,0.355760103119356,0.276733971433607
"49","P","6",0.736488160613234,0.592900177916203,0.404666468041763,0.0430732615104743,0.339082856609846,0.459403841385828,0.116916405970879,0.322663162047296,0.491201944390058,0.0716879372551478,0.0238679429613734,0.384891280609665,0.114126497828989,0.17160681134822,0.00179799804858996,0.514093393350434,0.114433970408677,0.038805597979914,0.32787230372533,0.22096201815799,0.220944982317634,0.442015014366794,0.00582251174633238,0.00518980293653635,0.0243130804300099,0.398000869639232,0.132923866520209,0.0736054288393993,0.00101916802332989,0.00972173863701991,0.0234593915750392,0.112763389869777,0.208518025479591,0.323703932569828,0.00960975013700352
"5","C","2",0.107930530029234,0.051139649012746,0.0848016316906914,0.00122794661467874,0.0339444452584305,0.129846097469312,0.0134491069461113,0.104781589938372,0.0914335042094954,0.0242282278849409,0.0368637237800788,0.175440171854109,0.0241190006618452,0.0319083329381135,0.00932922399702701,0.0861269111504714,0.0965858356137815,0.286916864123393,0.157428785204745,0.153976298571874,0.137266514315442,0.0835139378420946,0.0353538709340827,0.304747749846575,0.181742752374137,0.181916411054573,0.0511300662924064,0.0794784287370478,0.226902675120516,0.200442500700974,0.00442963503442045,0.0344780735002021,0.391580753447686,0.262818848970425,0.16344661715776
"50","P","6",0.464956314703104,0.457009497949295,0.150898365059102,0.0070047357682513,0.162239085000988,0.331061735139069,0.0582535128862399,0.172284102000611,0.173881597977058,0.0388236100799272,0.00635805592750667,0.200486514063084,0.0566030075650842,0.0407768121469877,0.00161966740943117,0.255738091705092,0.0874227607192699,0.0317038817566288,0.0802531314574059,0.264281630426942,0.138074292989699,0.394014366563303,0.00702681531668707,0.00428289721694294,0.0233326137293383,0.182632884170269,0.0514076936051493,0.0776970651131288,0.000577453353096866,0.00884464109771061,0.0173870375816949,0.0933999112753735,0.126585047479966,0.121141607859779,0.0120282175527942
"51","F","6",0.104553553589465,0.0910662866523215,0.100842276131596,0.00365897286378089,0.0594231083152168,0.272527844115871,0.0319039088018596,0.0693880537395452,0.0755612733750418,0.0162482829272359,0.00237204265323963,0.134215769932611,0.0327902912094266,0.0357493613875004,0.00195186795239384,0.168605329596526,0.0725575664503194,0.05062296635246,0.0906496090323172,0.0856724351569325,0.089496559098823,0.143088363561201,0.01373122097673,0.0049801868138709,0.0242375768202087,0.142419991260831,0.0656111431038703,0.0373311543678939,0.00543242259710281,0.00688383840636673,0.0127301376449362,0.0321066502168936,0.289569829308085,0.109037454229476,0.0282620762417333
"52","F","6",0.170910710650635,0.176017635273183,0.211126833087655,0.00400010815845113,0.100249738566677,0.242791198818305,0.0343090912758884,0.0800753700168202,0.13247625835494,0.0229837068771708,0.00157325769938335,0.154967760007628,0.0682778494461575,0.0324723593938425,0.00162179893019965,0.221945117973574,0.0324933769852212,0.0533880194323995,0.149032809643534,0.101236306053725,0.105607150287413,0.220876655255757,0.00286362813581331,0.00987528114666361,0.0375145293617523,0.341648601617604,0.112303346625625,0.0358159587867791,0.0136893925580719,0.00138419203530969,0.015213500237718,0.0431978200560474,0.523596763626862,0.140355544024082,0.011278041575366
"53","F","6",0.232342370945381,0.211807338956388,0.143070599695984,0.0121502383312301,0.136474690671345,0.370078846829703,0.0591329400035076,0.253684518093762,0.225637687765222,0.0596695310569191,0.186442566812118,0.291950767065767,0.0461602886568399,0.078469678663259,0.0470729580620488,0.216355402419942,0.0900121220369909,0.16749086921984,0.342845885207717,0.18622247487771,0.0683588837234826,0.264862659737097,0.0234203156995281,0.0146394428409757,0.033719140393092,0.138077719298257,0.0990046506193806,0.121639100552045,0.0374730778583586,0.0320331742655935,0.0113252370359041,0.0630882336886206,0.274162017057489,0.0563261160447569,0.0854911105669997
"54","F","6",0.0867610454369263,0.079161777654357,0.148316620148412,0.00478378981894643,0.0752318985445502,0.42284517569522,0.0400190817890311,0.0979651516108165,0.0747826815829353,0.0337252189471311,0.00186544292010935,0.377825385168422,0.0544330419461544,0.0570419940684284,0.00323146664242938,0.252489159791814,0.0774588982279151,0.655175725941132,0.497149965288622,0.420261439988506,0.288933477358523,0.237396671093125,0.0137906982614133,0.170779670915545,0.111677971644756,0.376783129441203,0.15393120081197,1,0.0198674903873213,0.437472127741722,0.00627780926566376,0.147820447275237,1,0.327355750742655,0.396684112224769
"55","F","6",0.132684883485246,0.134020860151078,0.155263137492728,0.00339812633497982,0.112572278024452,0.38509857434857,0.0463292564572738,0.107972615938313,0.120295792723303,0.0356282973387076,0.00619720651034127,0.270391255916164,0.104925147371334,0.0737354098638282,0.00150817236472748,0.33910398459764,0.0684462964955061,0.285487995411098,0.142393774310248,0.194057525673549,0.0495047706305464,0.245250391076228,0.00461359290793378,0.0165062387150539,0.0439395260923203,0.224140090701767,0.0758875900592589,0.26920017511527,0.00987838408447474,0.151478660142729,0.00781642766591865,0.0921543240004571,0.527708735811719,0.251331030616454,0.242295811055637
"56","M","6",0.616535357415402,0.245529778325456,0.248932345236053,0.0079703320895347,0.145279712387627,0.332873106021781,0.0792519589433118,0.422486350198032,0.236862467266174,0.0540498027245349,0.157725403969556,0.244216211117217,0.0490384918300817,0.0571113989364032,0.00145877463273814,0.347178628951637,0.0923263907618652,0.0810184365817814,0.249953754093165,0.355154268385169,0.250267500597305,0.263761838563805,0.00865545888612708,0.00497909017405546,0.0217358291564092,0.237905668683217,0.076202216685305,0.0676771734398714,0.00120535966541764,0.00487496772978079,0.0121625705317365,0.0612301991023889,0.091278131098265,0.0422626292983425,0.00385468316032837
"57","M","6",0.180713876610635,0.268928706636019,0.11113270825816,0.00233081513196501,0.1115189955358,0.241182045372805,0.0326095886012575,0.126851242645455,0.122015569069132,0.0216372889679615,0.00382792418458408,0.128198285273793,0.0368523982065618,0.0196358049835715,0.00103606395440434,0.149169158427426,0.0378984992118161,0.0549871452691527,0.061025863720133,0.107645039049222,0.163997682931418,0.222632223607262,0.00430997872857226,0.0230067239439381,0.024944130901327,0.137872883679524,0.0260885917606238,0.0564121294821047,0.000903750147796625,0.0538863797416013,0.00616403349081475,0.0557377425236919,0.0863219224509581,0.0823471532769121,0.0230957696529807
"58","M","6",0.28913363006502,0.319703652439623,0.188224949986838,0.00766245009432278,0.17814668923104,0.400219230869311,0.063985289430905,0.209899770691541,0.213728965541492,0.0475336428497301,0.00730447008663806,0.273029140964022,0.0663624080361772,0.0193930223424674,0.00174567417378685,0.240560037097064,0.0738814132743617,0.115921550719914,0.291349425622998,0.296905600036103,0.0992670672207992,0.405416085737216,0.00472619272189382,0.0187834341227813,0.0353790367095308,0.258617965352531,0.0850573807843091,0.226122519193554,0.00719048529449792,0.10469590003782,0.0179950466030713,0.0978507741867182,0.204987057774766,0.116082359830781,0.0374593496611475
"59","M","6",0.431469698388229,0.379503537349065,0.323367214574739,0.391788507997597,0.549016735768569,0.296896845327496,0.465003164634917,0.184831541202976,0.331031168245028,0.0427648785835681,0.189784416354153,0.85058620267601,0.114881068292168,0.677445836877914,0.000890388526742095,0.621559544643077,0.219295622203107,0.0301941503794011,0.248541814164359,0.116883143108187,0.281765119713067,0.446540337455014,0.0181179157921435,0.0108523718454805,0.0236865134565403,0.484937451675922,0.102234486357426,0.0652466624686456,0.00504004784881335,0.0172820097887634,0.0106996931401292,0.13515350374163,0.154843642593452,0.599361559432087,0.0451202181245153
"6","P","2",0.598933743759627,0.698677521302001,0.762827431901917,0.00897242833659263,0.303468171497786,0.624354679463489,0.149076097399149,0.492634938024815,0.934272628197283,0.0896648086005387,0.566524880792873,0.926932334780594,0.208704688877172,0.188504636763939,0.0208790263250882,0.781016333121103,0.350787589216093,0.400770315740994,1,0.537497216022044,0.302202815837106,0.668268317700669,1,0.625304012795089,1,0.672894297793769,0.946737978707193,0.520553262157179,0.0469117813916384,0.463672659409275,1,0.258775159184026,0.274805531566936,0.687657020206217,0.587337372627454
"60","M","6",0.412893137489618,0.454359516761965,0.325013645905575,0.0134810376943237,0.286076156294969,0.567505766946076,0.102608070973461,0.24376187815764,0.288522700273493,0.0422912183548878,0.0132581804517138,0.370616872674071,0.123622043851732,0.175339783703429,0.00758241565208361,0.380174765212751,0.137863998361936,0.0666169224688953,0.209967741530129,0.238318444911146,0.108469066889549,0.351177815047586,0.00584155347278673,0.00772003709015704,0.0281275534468466,0.283069080791612,0.132856343692133,0.0934231870099349,0.00200933478204527,0.0229561515588398,0.0214595449579357,0.0849989093132708,0.103851162398411,0.145117398840523,0.0403018563861871
"7","P","2",0.336281591467594,0.384993930143186,0.34127126463399,0.0100878967887594,0.20272919240776,0.456598829467429,0.0778120393423535,0.346676102440252,0.429154301128871,0.0477449310266206,0.00836592782263933,0.509182763636307,0.112799936472046,0.0560113608560967,0.00564096201876611,0.393035320879795,0.106290867547362,0.254948891737849,0.198911984473225,0.276978057308483,0.440390559966744,0.497360996742094,0.0541176882403916,0.0977850298551633,0.0982854754940326,0.361109049253512,0.114834160110476,0.286780469698823,0.00583721440031548,0.386657422940922,0.013702523630907,0.12203711915369,0.253433806122225,0.320789335055778,0.149779602395311
"8","P","2",0.661688167327712,0.600386782653432,0.359269100803838,0.570764204426772,0.495196498652512,0.540957770122491,0.456307043370455,0.217545566907803,0.582159104499515,0.0573578406014208,0.634307850359488,0.609950240998014,0.10695255397113,0.192850334046522,0.00429751022778809,0.370930827981024,0.370374067576004,0.244164308893682,0.729895922317815,0.208524731040649,0.549992070660308,0.543263648875453,0.106543758578679,0.0618205220523521,0.0649005500902822,0.442061882789729,0.253652605086422,0.632849383336986,0.00641532358246904,0.289231198943975,0.0106243801231048,0.128608934462495,0.304765077940151,0.416858109280653,0.084783317249878
"9","P","2",0.68545806456234,0.915879233419459,0.665221598512762,0.0161374677267354,0.291438205698354,0.477813044070477,0.157678513765852,0.487331375805826,0.757096647544643,0.0974992481557935,0.014595927654745,0.973619226170322,0.200673042141909,0.162588443178151,0.0173892001346622,0.96327480936808,0.189486992996171,0.267213496906645,0.286138228217335,0.457087028529283,0.197654800216614,0.789596779314218,0.048614321781555,0.154622900292285,0.132087330103582,0.563797847125948,0.214080134316527,0.575242562677956,0.0143080593076439,0.392628692047863,0.0208720125204055,0.281202714432522,0.679608572839805,1,0.284026442100831
