"Sample_Number","Tr","Time","X.Pyruvic.acid..1TMS.","X.Lactic.Acid..2TMS.","X.Valine..1TMS.","X.Alanine..2TMS.","X.Leucine..1TMS.","X.Valine..2TMS.","X.Leucine..2TMS.","X.Threonine..2TMS.","X.Proline..2TMS.","X.Succinic.acid..2TMS.","X.Glycine..3TMS.","X.Fumaric.acid..2TMS.","X.Serine..3TMS.","X.Methionine..1TMS.","X.Aspartic.acid..2TMS.","X.Glutamine...H2O...2TMS.","X.Malic.acid..3TMS.","X.Aspartic.acid..3TMS.","X.Methionine..2TMS.","X.Glutamic.acid..2TMS.","X.2.Oxoglutaric.acid..1MEOX...2TMS..BP","X.Threonic.acid..4TMS.","X.2.Oxoglutaric.acid..1MEOX...2TMS..MP","X.Glutamic.acid..3TMS.","X.Phenylalanine..2TMS.","X.Asparagine..3TMS.","X.Putrescine..4TMS.","X.Glutamine..3TMS.","X.Ornithine..4TMS.","X.Citric.acid..4TMS.","X.Fructose..1MEOX...5TMS..MP","X.Fructose..1MEOX...5TMS..BP","X.Glucose..1MEOX...5TMS..MP","X.Galactose..1MEOX...5TMS..MP","X.Lysine..4TMS.","X.Galactose..1MEOX...5TMS..BP","X.Tyrosine..3TMS.","X.Glucose..1MEOX...5TMS..BP","X.Gluconic.acid..6TMS.","X.myo.Inositol..6TMS.","X.Sucrose..8TMS.","X.Trehalose..8TMS.","X.Maltose..1MEOX...8TMS..MP","X.Melibiose..1MEOX...8TMS..BP","X.Galactinol..9TMS."
"1","C","2",0.0942452386103746,0.0273482393134858,0.25094268611426,6.65894410649164e-05,0.161045429749554,0.0301009084119106,0.360783144268475,0.168820776399009,0.0366954632708888,0.0476370851521953,0.110230484555761,0.0154800218037568,0.449882947220369,0.0740382384167151,0.059085023149655,1,0.0500189857516304,0.229414617914507,0.226741071671977,0.113381778860606,0.0244228576842712,0.0344599369713716,0.0068058505638336,0.765101300752128,0.433041615914527,0.171332205054826,1,1,0.0721989894595352,0.00171568281349824,0.00391232971319709,0.00356279494425649,0.0131375702664892,0.0134237606007177,0.301166732299108,0.0130415274535915,0.198518063131367,0.0176394728393307,0.00040719492767323,0.00967107910184385,0.00308851453487187,0.00974358867379879,0.00926988065047828,0.16477146560399,0.0256856411844427
"10","P","2",0.349262222842514,0.000752324393334633,0.102681903895217,0.0149106103654005,0.137741787368118,0.0367746612204957,0.410078987279505,0.487665980235854,0.392101671831872,0.143450943887922,0.126597755140309,0.0507898574807711,0.014476042499429,0.256558227891755,0.0590252010064434,0.168447782828391,0.0273869531274292,0.0312952792775984,0.00938633765872534,0.391054556731618,0.259845361617951,0.15584884244076,0.00267989457748508,0.015498654603528,0.0975835408142685,0.173524750200779,0.392026862292444,0.0642101232080127,0.294745187242447,0.0178340921217736,0.00306977232250145,0.00274643200624123,0.0257737636827628,0.0249403481137759,0.369177980725327,0.0233038893291211,0.0579276848827199,0.134020261853864,0.000606592330493051,0.0690775430858461,0.00647125983532177,0.0720114636481264,0.059312059538328,0.0534800437809608,0.0391713436684728
"11","F","2",0.127378408434035,0.0558198521388486,0.0813836350624719,0.00403312556773011,0.06665422102288,0.00327774349958844,0.0133699342141127,0.27859045185685,0.024237150964589,0.495769147250966,0.0938828891989731,0.100711215133922,0.0642869124750965,0.286123492269269,0.0180159835451626,0.0193023177895023,0.398148418589584,0.0597113143485891,0.0294745207418269,0.277120624892783,0.545950753637923,0.957321988237175,0.457257004519014,0.023489994914844,0.0480427678956272,0.0679021492522588,0.0863026750246363,0.00953815931675542,0.217437889186069,0.842167926942042,0.279579072091999,0.256090338380331,0.112122408049483,0.10566026274526,0.0779317353776199,0.100117407450136,0.0478959974556715,0.132063406067542,1,0.460792537304451,0.0362831044776496,0.0747814456456034,1,0.529952850352761,1
"12","F","2",0.0105990629760734,0.0330051262296018,0.00375512520395096,1.65411936468939e-06,0.00348971961100003,0.000790666044357015,0.00714886996779466,0.0608476935062676,0.00121215605836954,0.443606608047717,0.0100727589116097,0.216544028517335,6.73593680582967e-05,0.070416129040323,0.00405048810136092,0.00943756057139916,0.351752566015361,0.000949388147159954,0.00213004786752329,0.0321352634364169,0.16854735564023,0.351101877947896,0.0739911298985544,0.00377843459031377,0.00113330362909606,0.0601293164012464,0.00241222125237426,0.00326078543465661,0.0175047816573553,0.278418796754645,0.148361220845616,0.127769938100701,0.0105444956156263,0.0092600701555311,0.00985526937842449,0.00572811600228511,0.0027397951508523,0.0237207551063039,0.219011067194602,0.303437950974039,0.00143928923792528,0.00635768091553004,0.118560674223982,0.142655651480574,0.126569216201547
"13","F","2",0.0272977706232076,0.061048895141549,0.0316222370372095,8.90639468006645e-06,0.0140029716231029,0.000431710511455004,0.0220777778502777,0.21677048896094,0.00620835590026647,0.22268909004847,0.052377743554804,0.06703610165095,0.00404697355621012,0.436880857789854,0.0108620481557875,0.0365925077162906,0.0108043413203874,0.00594037104397887,0.0240512455229048,0.177884559513388,0.361286245654219,1,0.000374069065484154,0.0127867662794415,0.00680823932007762,0.268637067047979,0.120751418993221,0.00455122725882342,0.101581645088609,0.01874478314766,0.248676465185298,0.205167233963671,0.179452115238602,0.178058861000085,0.0328153144184065,0.118834090318336,0.00697471654630403,0.334334309159259,0.0644510516588264,1,0.00870399988743082,0.0989584831020046,0.179551325830978,0.309996899526246,0.126350545647578
"14","F","2",0.0404944078752379,0.0509735328418977,0.0143211201134363,0.00788167884572761,0.012312463076766,0.00183754439439628,0.0202265225248336,0.09108905940784,0.0119277422216513,0.371528306231649,0.0392406278690562,0.014991884245167,0.0209663819111421,0.129629617380814,0.00343652106467417,0.0364969669654846,0.00563538822132233,0.00836634537671352,0.0101330168952036,0.0588654869134748,0.205790252265594,0.337978017373298,0.0530624227280994,0.00672679495759274,0.0129173189919092,0.0192040656849363,0.0144376035896468,0.00123028342409774,0.0828284574577198,0.300879183301133,0.170366502932593,0.141876726364568,0.075570185936304,0.0751614029204852,0.0411133614380032,0.0504681850281016,0.00840775935445303,0.141810868568401,0.0144527544693026,0.439230074384895,0.028055572448214,0.0185741457969749,0.135140085398654,0.0882321554002472,0.0733629523119735
"15","F","2",0.272934185287822,0.307061030331513,0.899351473784857,0.0041347442381678,0.720769076211616,0.218560861907146,0.2177179245389,0.649566208908288,0.193168821974316,1,0.564657167345517,1,0.480636391782486,0.491834318928671,1,0.587356529464127,1,1,0.214585646604946,0.839132946822325,1,0.38636005872811,1,1,0.559338616801677,0.762135029365026,0.266424435559862,0.295645616097786,0.18828851223701,0.51297359739817,0.572374544722773,0.587434957988802,0.37731676161103,0.372535731366726,0.414530721770506,0.405740110976589,0.780815590696745,0.199046104762422,0.605454793673215,0.292545836864104,0.0122605643960088,0.0824138921320302,0.189097483364224,0.224724481544024,0.713009374826454
"17","M","2",0.0189392091992242,0.0278918331288976,0.00932827051801191,1.95921556672105e-06,0.00867108017815268,0.000871577303994418,0.0105804786565957,0.0578887521634375,0.00167545648736031,0.0603612215211112,0.0211642300369944,0.026475374295486,0.00464545552036956,0.0519927856763896,0.00150329019391756,0.0106804222459864,0.00106800548251458,0.00126326724505933,0.00516872971554562,0.0359079878726089,0.0223599797139707,0.0421515381866724,0.000364481378404051,0.00168597057046382,0.00377658764896377,0.00794108042845829,0.0117679005471957,0.000388889481601141,0.0189901407049723,0.00413966780244936,0.00821936322121824,0.0061911153035282,0.00460215333941894,0.00410090815442891,0.00842193996685872,0.00247289624400265,0.00171435983334943,0.0143977322382778,0.00105513576652345,0.200241646917132,0.00305047828281233,0.00399316097242849,0.0156529330839041,0.0385601804640134,0.0130448751266927
"18","M","2",0.0290102058733873,0.00051236057656966,0.0201070934500935,0.0465678759976774,0.00913815787285624,0.00364122396121796,0.0349876285120416,0.11888023775036,0.0366656306608289,0.206538055606465,0.0660806542882585,0.0331968184073833,0.00100836852006515,0.13069240271968,0.00560215677101136,0.0171856977019802,0.0515278232197247,0.00512864144419628,0.00572455058720631,0.120693532181032,0.117298583843229,0.106131241944991,0.00185933596925196,0.00156882123927082,0.00713990823200632,0.0139753949653255,0.0203509456931148,0.00048712659618443,0.139747715692612,0.0197261837181183,0.0108787419057461,0.00926449184327633,0.0195008627326141,0.0185419058564348,0.0467234040970553,0.0129943997429737,0.00589818589529524,0.0473729051116755,0.00758548651696031,0.0321641868731024,0.0123494096768083,0.0305601875135767,0.0547872419368651,0.0929817648656269,0.0194392502306599
"19","M","2",0.549422956949795,0.24426762849353,0.536236061191179,0.000799262696066297,0.569673324843473,0.045579957001721,0.485530636284224,0.602760314300873,0.153149314876349,0.301083147073384,0.488311058036945,0.0492746074816106,0.0190149783409433,0.458423731417668,0.357618732345253,0.773871251112543,0.0128747822005371,0.127380301808283,0.059016956857807,0.796658625089601,0.104484322644532,0.190078855157505,0.00364596872515292,0.0800343568492543,0.244289913997089,0.205023654906301,0.801620537174402,0.174609131556442,0.793211118493951,0.0342739741954367,0.0399815518825657,0.0348366044961888,0.0398248945604929,0.0375101077076628,0.411108282381496,0.0317418677647967,0.155493097081967,0.277715352330974,0.00510979349195247,0.161224364762567,0.0244214709802027,0.0846680445585255,0.0693300814776543,0.309797175181493,0.0523563086844566
"2","C","2",0.149780708106002,0.332137228532605,0.0763695122730071,7.45231900594547e-05,0.053567302679703,0.00471973817043969,0.0776513867229252,0.203590041918751,0.0322855363265559,0.045693156013296,0.0477925269376937,0.014762284895546,0.00641638778886646,0.0970261158945273,0.0202259709916529,0.139648961491093,0.00183001586942255,0.0514841643577068,0.0533948355116814,0.0790746885202647,0.0386924665630791,0.32299867760684,0.000579594613004792,0.0979753366943541,0.197742022093912,0.074407705534498,0.179427173238864,0.0264563128598496,0.101326720048841,0.0029559866250981,0.00196363772408945,0.00268219861347879,0.0154665370874669,0.0118532360117625,0.195012549012338,0.0106712355381185,0.0415099176201002,0.0153505345165825,0.00250264541720713,0.129314593561171,0.00156234694212215,0.023258634493202,0.0571916418916329,0.200389678679532,0.0279461563031229
"20","M","2",0.00764195930006368,0.039712918840035,0.00950948921151317,1.10930816272295e-05,0.016634178278384,0.000850717086488896,0.0143659089619279,0.0216469337817979,0.00276983687635851,0.0470199134148479,0.0105685274707825,0.00971898193152205,0.00446945688192105,0.0331307980297888,0.000946868290181891,0.204109975948846,0.00547625541532905,0.00209473413413378,0.0179987995758589,0.0191544579051669,0.0143003887197071,0.0152461462351803,0.00144500958403209,0.00235598366948878,0.00569137983628558,0.00734620564050896,0.00699641180398729,0.0153197323550261,0.0155980149717367,0.0264153692865324,0.00412678495537752,0.0032296804019135,0.00224866907833676,0.00215944796556969,0.0153375666619294,0.00140185116120297,0.00238710441596865,0.00963829564824657,0.000974189178258084,0.038989839485103,0.000815257840212843,0.00237877209600098,0.00720625797747619,0.0687318699684802,0.00473384626377119
"21","C","4",0.00246324752879888,6.32102719391852e-07,0.00216495548421593,6.37099655490398e-06,0.00145613706852335,0.000300130862880668,0.00566664419555568,0.0263841842132542,0.00069532724255049,0.0190945792023408,0.00657692331647689,0.0231887248030075,0.00156934681813342,0.0276328336717666,0.000758289206955134,0.00971425685815912,0.00184101716452968,0.00156534316892256,0.00203012474222446,0.0144947643145384,0.0128564299208469,0.0233432935062704,3.22992419747954e-05,0.00205979629693194,0.00189173441313071,0.00426496652467183,0.0023255723578127,0.000547291924111509,0.00993029447724073,0.0022241911767991,0.00214971041685374,0.00174891307915064,0.00338175565107011,0.00319597352086882,0.00375763397895045,0.00218453748982089,0.00136169577176614,0.0146768581919968,0.000265311446417451,0.0512378916671623,0.00131220665212128,0.00196407459600895,0.016989198552638,0.0401471713650701,0.00275424742019186
"22","C","4",0.209119641236598,0.0305805415916247,0.104126351049735,8.91978214211701e-05,0.0654286643827306,0.00206670277640373,0.0357477137808069,0.266336220375832,0.0124745135114092,0.0412184985535066,0.0678547405622387,0.0155990237383411,0.165328915757607,0.0690268484628243,0.0264168755590575,0.0790788065749256,0.00360974245151954,0.0713790857452894,0.0835229079220732,0.0883920699536952,0.0520133055955912,0.0454295279996045,0.00126306086662056,0.105593078787814,0.185036011597732,0.0563787346286256,0.525217551262896,0.0348264431242745,0.0829485930277033,0.00204255581434114,0.00452609336853488,0.00396059240558229,0.0087984220198685,0.0090014292136746,0.19412768094965,0.00964827145052695,0.0593944847396147,0.0236813943303462,0.000557190460920344,0.00375879316400324,0.00288281410671618,0.0128298472947761,0.0107016004874116,0.0936528688543235,0.00303658167532472
"23","C","4",0.132603147832528,0.0893827098335038,0.0780082657550717,0.00801086235097325,0.066833110000649,0.0321837489607859,0.276804717387927,0.354768380552272,0.217739762677582,0.111374931899025,0.120805768545814,0.0560096939361589,0.3375057109461,0.354853839961873,0.0529131678825707,0.109874396419542,0.0357852180174792,0.105190276974971,0.0923653755198441,0.264204951684304,0.220933970769288,0.529582978704705,0.000270126925426775,0.0764976831725231,0.193667488896119,0.266235468541234,0.513422819814451,0.174665130248082,0.330089808688704,0.00781895317937452,0.0610676128625822,0.0588293992787689,0.030530624431715,0.0306804857923134,0.215851260810841,0.0315503789509191,0.108109766591529,0.314344062839756,0.00129477837230075,0.184490245116259,0.00274238114736107,0.0514184367847613,0.142686513805895,0.49220161490011,0.0388700600838385
"24","C","4",0.00258288553614108,0.00863983393746381,0.0016584676145102,0.000105592800575257,0.000340721645423081,0.00312696097932295,0.0125069968405419,0.0258237135728977,0.00427560635319866,0.0111334832879751,0.00370975949403729,0.0122644319834983,0.00259411804049953,0.0105763918635237,0.000246260612509694,0.0126493657762285,0.000981544530158568,0.00273819250998535,0.0029235561731536,0.0107532549399059,0.0184084247612092,0.0408893364495775,3.96190842961643e-05,0.00301142483215703,0.00188474924662835,0.00669499887525206,0.00508223249487543,0.000850813047918795,0.00784651873524598,0.0035867436797576,0.0022131388615803,0.00178043692452374,0.00375694205883318,0.00322320136312512,0.00471834199584032,0.0018699108420372,0.000862599014063689,0.00782580462816942,0.00118367366519761,0.122348925375541,0.000641911673462774,0.00168966728306916,0.0351472646034929,0.0328859137568487,0.00539636542679336
"25","C","4",0.115951123386421,0.0437382787971509,0.0572219690266379,0.00332745858271672,0.0386273137786103,0.0142987913762279,0.134737391719018,0.299319882161875,0.123932069890482,0.0466717194468981,0.0808676932326474,0.0300143024820542,0.314469738073124,0.130030900637947,0.0296530334529619,0.113604809740605,0.0253882069299507,0.0909060510458014,0.111434549154714,0.14666771123505,0.140670138986512,0.191982292057099,0.000503081588439458,0.0802548648439837,0.233576522644112,0.161034507033859,0.928000262827586,0.0587888043407006,0.148434162856521,0.00923647451202571,0.0452217780809942,0.0411147841223597,0.0211366270642269,0.0186924992391428,0.22299425529611,0.0202984028285909,0.0635093668060035,0.184273071104833,0.000731579932150436,0.114023751575537,0.00250994607213837,0.0438045544531925,0.152617422516812,0.0828902977105517,0.0362113810856289
"26","P","4",1,0.303834821910744,0.550339982957706,0.000554437564706964,0.600956385526273,0.0118941241281994,0.493113981240962,0.535532656242248,0.132910929201786,0.397594481380413,0.49779711588556,0.075053994490165,0.128211880443865,0.609674338303819,0.194563554932608,0.481795231656286,0.0220433050509334,0.216871612674649,0.138029722045755,0.756477620271858,0.156469512330453,0.338368418729344,0.0216506264609385,0.262384253655509,0.678197042178332,0.268261322584918,0.803382723289605,0.0975496912932963,0.945399899793104,0.346046741766547,0.140292292266265,0.124442880029055,0.0715931920689712,0.0686931313679437,1,0.0704431967524629,0.445850218747389,0.335736094077804,0.00517872982746962,0.3283780048316,0.0171341823356744,1,0.127786559759238,0.60833958632753,0.176081116998273
"27","P","4",0.135560422986034,0.10500128770609,0.0449794745781912,0.0157627834307982,0.0243636267368081,0.00168465844274907,0.0534566342290198,0.237482675074996,0.0878528353131192,0.580269026374411,0.168906479153681,0.0712031072333832,0.0104899208342691,0.281231572971277,0.0143438791754318,0.0707868860831939,0.0331540654138483,0.0277628302416743,0.0192116664820677,0.32414869508644,0.370026600720266,0.599257933759546,0.0287888579749541,0.00908569203667233,0.0298292655265642,0.0390697952207065,0.0453406297873967,0.00772907693463188,0.414757336579321,0.0757387213303237,0.108008098732712,0.0915369498503288,0.0778979917223513,0.0727324752665417,0.102837315797161,0.05575951141307,0.0362119028558941,0.426949875269796,0.0465649247494572,0.787378325664818,0.0242161640097938,0.187674432314106,0.375704593329742,0.566458772524569,0.501165882994503
"28","P","4",0.0046978976709155,0.0556689029970896,0.0035464865740747,6.70189151037535e-05,0.0021664466050814,0.000600652886966734,0.0225509594275835,0.0185490345440988,0.00597219765483602,0.104749063090488,0.010911198670668,0.0130634446297535,0.000858437641690267,0.0358055877573532,0.00399885950669071,0.0311205151158668,0.00198277029600663,0.0018231293684178,0.00416525053995494,0.0337866893303488,0.0311037280190345,0.0425098470196984,0.00328798319958192,0.00118902943539098,0.00228570741362979,0.00655573100391353,0.00345033311497182,0.00170012756927883,0.0356530831619751,0.0185900869763878,0.0127897252083551,0.010313660878317,0.00545447971498328,0.00519992833343197,0.00601561923788572,0.00347401512389814,0.0012963491345977,0.0264734086953961,0.000931584795938627,0.148442980676178,0.00116608268506115,0.00716245979107584,0.0233484204399404,0.103029564948441,0.0186353094196651
"29","P","4",0.271894130608283,0.000431392984317904,0.0796380450091371,0.0130152281001761,0.110886605650749,0.0500858339947338,0.405249422485123,0.393443130515389,0.278544134609395,0.130013432196528,0.156160300686195,0.0625111068571053,0.14381177596589,0.220173356730182,0.0497741847256468,0.105662178229913,0.0226202387726859,0.100073720521287,0.10629069141334,0.245882573060032,0.071790467878316,0.163764490819289,0.00302340413090787,0.0556809763128308,0.214712429939825,0.455714900734705,0.567408061949415,0.203813182716907,0.422018991870214,0.0182907484124251,0.00198341631977104,0.00199889702438348,0.0261100909381756,0.0280100010028369,0.273881974207725,0.0253700676713795,0.0851090693977204,0.323274920056371,0.00191516036401281,0.00869128666090784,0.00816693260738807,0.0594788698032183,0.0761401580615978,0.139408371950485,0.020154256453069
"3","C","2",0.141321975053012,0.0906858578340148,0.162714952273209,0.000173162688700169,0.134481017451643,0.00429126852602218,0.154737141075492,0.409517545761955,0.043695044508925,0.17316895869615,0.157486500182395,0.0302174276416234,0.00539920365734944,0.462655269630993,0.0733955817006423,0.222006861106882,0.00474768571144717,0.0632058711198491,0.0452992059731111,0.263074712503799,0.0923437479213088,0.583598146997459,0.000396933836546051,0.0281929953171529,0.0985477383818442,0.418724978295159,0.102475266246583,0.0505316249572592,0.348955532876221,0.0172091729579311,0.523300588004927,0.515770342783367,0.494781017911161,0.494938195911888,0.335182769121951,0.485098168702532,0.0987869279843685,0.343412609304001,0.0106710435804004,0.250973141775633,0.0170399029512404,0.0549755785358621,0.194127553998088,0.469636301344217,0.060265640583981
"30","P","4",0.333363949615492,1.79847363812458e-06,0.208799539156729,0.000972483028622188,0.20207809508961,0.0165947774582782,0.293117846167586,0.475193014510914,0.0641980401425946,0.253036714474436,0.294260932372426,0.0400831149632674,0.0120760693490559,0.321959708385818,0.116245795194477,0.149233690373436,0.00656333675613624,0.0858458449002516,0.0124356418373494,0.344639814937064,0.0850841552814169,0.109227096843999,0.00286712716337235,0.0292005391446424,0.153375456826283,0.14453189957217,0.211389250582144,0.0403426973880768,0.561925218406752,0.0257122755711327,0.00942706976983549,0.00865627932197152,0.0312041124905275,0.030764919010493,0.295516625580615,0.0291078523660286,0.110712831432445,0.0982291572048331,0.0028181775798664,0.0191003296782018,0.0102492147472903,0.0600099874365285,0.0611848958203493,0.11299899982007,0.0377577865649115
"31","F","4",0.122344816199425,0.000280252944102163,0.0403426995906521,0.00813024746477921,0.00776685966531839,0.0161965897360232,0.175466009629807,0.304583186147271,0.144353593236029,0.0861072700872374,0.0304063722350533,0.0406370925569192,0.00736166777109912,0.16259331527356,0.0142573444114518,0.0565641153917166,0.0304156900346134,0.00770099201132793,0.00635604284385666,0.170174938504557,0.127523759634212,0.188393381500182,0.000343854959598961,0.00235800445391625,0.0371525349627584,0.123521440700961,0.220800169978686,0.184437720157756,0.22508022174144,0.00505165607897963,0.00110414348984353,0.00122048688462985,0.016857271323264,0.0154661761535239,0.0968675551256527,0.0185983251249651,0.00563742260468976,0.0423564385234212,0.00251707274395894,0.00332552359694433,0.00214407044093681,0.0381967412312801,0.28364071209631,0.155298337086924,0.0737528309738864
"32","F","4",0.0741814636294304,0.0577360878978234,0.138113052840362,0.000171053353387357,0.0485382451041161,0.0165369743803333,0.237668736072804,0.278915195709498,0.061507981815461,0.0543354499940627,0.00686006043457066,0.0118039068515187,0.00783268235384052,0.154489046385243,0.0303142104526109,0.10712695418203,0.00332425152452502,0.0104889236788924,0.00345819141744074,0.153004097812048,0.0360963664729616,0.350273717860157,0.000298172562045676,0.0143989569927442,0.0282322019412865,0.0730133357425912,0.0247932611254224,0.0267067489513056,0.270749120550648,0.00615375352726019,0.00406423659278914,0.00483084344835593,0.0227372216264295,0.0215677066453263,0.0691639980371935,0.0190497956657711,0.00362149912922779,0.0415911661073776,0.00747825542770932,0.0063842921932915,0.0563944747986749,0.0430118313847293,0.117638487199187,0.177061610604125,0.0098097213055662
"33","F","4",0.284239240297049,0.0488964993541936,0.0544495623399112,0.00700475532651422,0.039079724746181,0.0759193005339345,0.177315430662914,0.690423705385959,0.124553895605197,0.62049833453033,0.0732961870254457,0.166762259528945,0.0839165163645752,0.514369833333469,0.0209214704764004,0.102050162035047,0.471459711518595,0.0733449525330065,0.150687882987078,0.137939783438159,0.320208626848793,0.848800468467337,0.337779295981078,0.0478469964694263,0.182846555900224,0.875062595078268,0.416947380870621,0.0809440683916018,0.208395171669152,0.222233398918259,0.230446401491865,0.270950984931408,0.0539928825820466,0.0507617377412828,0.321179813406011,0.0480543601263089,0.129700840480076,0.21409445781961,0.216238525571278,0.342476627040158,0.00311886800513031,0.0342857884202968,0.160887637666382,0.0875494082955949,0.418164183521336
"34","F","4",0.108983426377727,7.3303977266093e-07,0.137757638929274,0.000196216212237432,0.0848148511861999,0.0145586050525711,0.227828288486816,0.33012468748167,0.0706477775378632,0.15829314228596,0.0733411115882852,0.0339730259501526,0.0106091642411361,0.306090125287435,0.0706033572387544,0.15567876665816,0.00612392679100419,0.0217153348184793,0.00617050192794918,0.196605123596891,0.196068513366915,0.670931422208145,0.000987040092345574,0.0317989981215687,0.181229397571563,0.546721279183721,0.371821343038614,0.0627142940057822,0.27850376439845,0.00792349788805595,0.432276402997406,0.419898900189355,0.0661215244299265,0.0623318396805883,0.28264389678409,0.0599013364854375,0.093085856332085,0.278847857022608,0.0124073856350302,0.331131608719509,0.00989839150998589,0.0842197853763342,0.131993583157185,0.34178539152072,0.432741967978749
"35","F","4",0.156688435941439,0.190587020632999,0.135438269459432,0.000233013924686113,0.179131148405927,0.00336640329605816,0.162696577143888,0.433178746391674,0.0369289111500581,0.183867379104886,0.120337093087411,0.0361500526126013,0.00492106659686434,0.295928383525177,0.0558677447629691,0.119698543310627,0.00451908893478309,0.0537060406927111,0.0242802958524399,0.210890950663533,0.18583649862519,0.110272432784914,0.000392984292467615,0.01987427230172,0.0878980578584634,0.0840550398685799,0.390507770006376,0.0484178418659809,0.333461476729507,0.00489301264835002,0.00604677820823199,0.00553330459906539,0.0145041752983851,0.0142406982392429,0.202621148768936,0.0159088219016247,0.0613374104220706,0.0707842353393007,0.00179964647198454,0.00915273347543664,0.00388522230077085,0.0337365041354654,0.0531694567305266,0.0766215197120075,0.229041081111787
"36","M","4",0.341570306116494,0.00741366494204783,0.387574538627098,0.000596925467083227,0.253200587777321,0.0494875742825998,0.679424471767262,0.580694156805776,0.246862626159464,0.385735672871518,0.403006238181591,0.0617576592341089,0.0386752154484027,0.72525737453266,0.198018207196417,0.438508425646358,0.0134925808057584,0.0634012875698173,0.0572591630824612,0.505552374322255,0.0876787797695093,0.347451535933621,0.00200911321366897,0.0328575906485982,0.18554269441667,0.282810154982471,0.229147023512416,0.128006813338812,0.673330848543556,0.411789168787585,0.217717284351408,0.186875746238055,0.0953891563470568,0.0921181993253104,0.360052927706842,0.0850101653754737,0.144712198406608,0.244788190165816,0.00656228720404032,0.391125495238473,0.035840873827813,0.0985556684800264,0.140791371558898,0.497107288037685,0.193443757528088
"37","M","4",0.267608832246715,0.0440708404880333,0.118963265800449,7.82153120886593e-06,0.0285899334906155,0.000833592544507997,0.0155796109039525,0.68233357264704,0.00477040481360122,0.184990210531824,0.106435933473641,0.0256952351654843,0.0270069187494471,0.25797140926075,0.054854302609579,0.0139130671217382,0.00581840328474321,0.00735142774757153,0.00931676923082168,0.128119519402985,0.194615859828646,0.33752479757763,0.00304713760098275,0.0299516922764642,0.0177746327477453,0.0438772709448782,0.0371686814974514,0.0229678455666658,0.075272004879947,0.0146480397638184,0.0281881927007582,0.0222411786927696,0.0396619881529649,0.0358485111729588,0.046079028038557,0.0180418112505628,0.0101422794490661,0.0868715682593368,0.00510028035077829,0.745915477716867,0.0177194373890749,0.0211307974239649,0.0250531426228598,0.0180823178297905,0.00612073379014789
"38","M","4",0.00339388569499722,0.0464253753088101,0.00347842776748438,1.04936045926243e-05,0.00190732853099857,0.000492943093260176,0.0104312679440608,0.0205542839480551,0.000946952231388282,0.0453037495089244,0.0129813607198332,0.0444315413773607,0.000227692525909079,0.0193775257372554,0.00140424085491403,0.00967227934021867,0.00198684390961572,0.000628535177876034,0.000574064759575918,0.0180651360839377,0.0197607615079227,0.00892320132397881,6.64284925755485e-05,0.000360503276241195,0.00135663060803612,0.00700194131202656,0.00166051770455196,0.000153373515635235,0.0115986770723742,0.000790166173850158,0.00466709915583942,0.00371763607071789,0.0095963562269916,0.0094605478379377,0.00380793098625655,0.00618127671359214,0.00119255186944982,0.00282502273863728,0.000246913720850583,0.00145332591148619,0.000727512503879351,0.0112129408565827,0.00734673570747377,0.0205651464985251,0.00168012077913631
"39","M","4",0.157477983381019,0.0925466711363516,0.121569523302274,0.454509391233563,0.0575842418244034,0.503596985395799,0.492763438606111,0.220292563244102,0.473780769121237,0.103911040322744,0.13826163051653,0.0374278810109891,0.114607436079272,0.184188273074933,0.0371275037187197,0.0285681907684905,0.00899158628987813,0.0660554065538566,0.0491579748395163,0.155165095143393,0.0421753695947557,0.0484037625748575,0.000496005289991893,0.0140592924756014,0.113586797277368,0.148378061564828,0.180340677901349,0.0525572638754522,0.201415306539175,0.00397898038308682,0.0012911299274553,0.00121827105544259,0.0127387649745807,0.0135489335408596,0.13953711580405,0.0127402949454978,0.0455129545037964,0.0648019618491609,0.000261084622776378,0.00156813963440255,0.0053018647437923,0.0429196602922607,0.0322532070710515,0.0363020474181648,0.00152297745154948
"4","C","2",0.105144824810695,0.000130744765345442,0.041148647173799,0.00436014575952799,0.0228361337011134,0.00797032828503229,0.127270180799093,0.291514405737307,0.0809941293467184,0.0446759812862424,0.0795087967211461,0.0339680394686997,0.00501824124853589,0.180493623975337,0.0343734079186201,0.0757254600037325,0.0250116284369281,0.044079463963348,0.0272065739427263,0.110872044886575,0.0841311182477572,0.427683929409578,0.000460950931315354,0.0465553993744131,0.101386237535743,0.189539152432157,0.345051589001416,0.125447708644251,0.162194552396775,0.0145575257447247,0.118084285738857,0.121507793959317,0.0419887296910247,0.0403584494224953,0.149632730083629,0.0422215814453338,0.0500719748712249,0.129565797873274,0.000936481343243849,0.202223679221849,0.00416832227848302,0.0435542214255184,0.117602229548952,0.0946733017776338,0.0254881954316226
"40","M","4",0.383482192481938,0.180716846440815,0.259185978830105,0.0170779403279777,0.129713999404056,0.206227429288678,0.543606188863401,0.293781514623341,0.290671031049353,0.149033831305756,0.289090799324363,0.051527636399194,0.248966095818616,0.228122850146469,0.0566337267214075,0.0840730791985447,0.0170011027292719,0.0812424731547875,0.0721190035581847,0.246242103434241,0.0656999480135097,0.069815780221545,0.0011018969110407,0.0269887103409739,0.222908276437586,0.166617064498769,0.303748293244397,0.00498673362636139,0.404032462614956,0.00820398184604217,0.00178098688455409,0.00160756371502513,0.0159897838806135,0.0140880553604983,0.307042890455424,0.0159079126647043,0.100730532039444,0.0684508643035657,0.000260899884593282,0.0146954638469766,0.0100888854581182,0.0804112652075944,0.0303072605259535,0.160255949185973,0.0331322158487749
"41","C","6",0.305823156493314,0.0297313898374494,0.108251819683384,0.000124500085015151,0.0694533070254031,0.00863204487522097,0.0684083512868623,0.517039306186544,0.0231971070529735,0.0414084296950214,0.0758639174128376,0.0152573318822748,0.19870877649437,0.209232275577338,0.0288199512005312,0.221584346423379,0.00235347107959848,0.0838229333593973,0.124866534866233,0.151872076378168,0.0291225736173491,0.303388140784732,0.00146477009789364,0.174915789953567,0.252260671831625,0.110136689551964,0.195393806591517,0.0480763464501682,0.114008670778357,0.0105710239888955,0.0438797221316576,0.0411426145750055,0.0657022830739921,0.0612034848077386,0.294493383905734,0.05456569300927,0.0938028842301223,0.216766039127633,0.00731383835276769,0.157851286766106,0.0031314811812357,0.0399074366443706,0.284345814183033,0.321782711796076,0.034244994222116
"42","C","6",0.0716827361995199,0.0133096245355835,0.0457852080953377,6.37407266228551e-06,0.0306860860470314,0.000561904095295455,0.00953179459395454,0.327970767608378,0.00213178627299944,0.0356814961783657,0.0355832495929162,0.0188344233435379,0.00654374636783688,0.106608238451102,0.00561412784934627,0.0159059126274192,0.00322050384694216,0.00633951015137748,0.0204816036454141,0.0591918624926284,0.0552632941752157,0.207955536071825,0.000623907677936164,0.05157067040232,0.0267138920600967,0.0291955105053156,0.0565560448776415,0.00275932659587302,0.0267152054016986,0.00439260575478567,0.00395284554691564,0.0031076236397752,0.0129277142513658,0.0133599869988077,0.036149145928236,0.00835032451002719,0.00975358562932707,0.012456457572298,0.00226919588547955,0.0181031451069379,0.0531976459265457,0.00768934319762898,0.0176903956779886,0.012906432506577,0.00326261435423697
"43","C","6",0.164408318088006,0.0647182129117555,0.115394285859739,0.00758999405504337,0.0626349281757953,0.0213820393620215,0.228256667370833,0.550499950598303,0.158235533846464,0.0694394470151101,0.116760121569197,0.038166096545786,0.585889701703663,0.171989693802488,0.0457535045106945,0.107109714084947,0.0148904390388226,0.0749445882740547,0.10591729940412,0.159139478596951,0.0314286257428413,0.120121699580421,0.000164935108056817,0.0762617077628624,0.211348804572877,0.246645201247607,0.622637707822505,0.0170013996304197,0.2450353936263,0.00268957911667757,0.00194107864951273,0.00170332411760231,0.0193910568187587,0.0180181205223711,0.260072047546504,0.0200055833842743,0.0720872068145691,0.0855690176595738,0.000158623126006225,0.00303116323395292,0.0079651996566337,0.0301338809079759,0.0428332962352782,0.11827362661847,0.0126082444855818
"44","C","6",0.555717061188379,0.183849244330833,0.253694758009715,0.000203154004008525,0.291292385153678,0.0200304373631442,0.250722097568714,0.767212538245168,0.0528297624193452,0.104286402812855,0.317830740047867,0.0307278429921386,0.628881739220821,0.257374630514874,0.099256123150432,0.222591295581085,0.00446394325758513,0.284378346197156,0.101378783841142,0.222879720065045,0.0491287890547845,0.0912481201203997,0.00050616787444607,0.215841621752564,0.545270553370042,0.226167000951441,0.307817267016006,0.300625572780402,0.302485074791021,0.00559142975116114,0.0175884612321576,0.0157797535312462,0.0451353108870735,0.04321232802195,0.531712934915294,0.0482206927226378,0.237322574212835,0.16725773009328,0.000926445527020577,0.126452329053648,0.0176179892831353,0.0400967731544316,0.140562527651316,0.160313889900386,0.0326666102811619
"45","C","6",0.171467393887753,0.132574577417491,0.120538534013883,0.00929350436663612,0.0784585772256314,0.0622591283689226,0.280299345815502,0.672202644589905,0.183448164814994,0.0802326581102265,0.147026942248707,0.0425202391044587,0.323082299187139,0.538810310497606,0.0521094928357215,0.142288679819104,0.0208233239790245,0.0675925460883981,0.478608448929875,0.160445284451806,0.131630806297245,0.532875265435583,0.000293769685764735,0.0855648665814251,0.149270725055861,0.211946113622008,0.927579588303341,0.0319068127064658,0.292555794566919,0.00833390446302101,0.141310044285398,0.130821362643162,0.0911100724768264,0.0852035923557084,0.238707298300458,0.0810726096393168,0.0555749968218413,0.237283352714498,0.00197761283510431,0.356919181343515,0.0925949935936171,0.0710313922425567,0.264247063076675,0.413998675864073,0.277773748209844
"46","P","6",0.0120465742520708,0.0493036911346003,0.0022197427501415,1,0.00482698138427376,0.0589071904684182,0.0594073534446824,0.0357527348184693,0.0889814597226936,0.106773418280169,0.0339759089081949,0.0178008777663945,0.0205389870738256,0.0603306311043479,0.00713525242343379,0.0213563841035542,0.00236222139681528,0.00840469547860437,0.00657576775077063,0.0381977955752169,0.0413906661585461,0.052845042880492,0.000495839396995818,0.00220078364327886,0.00992216463583336,0.00824640366600996,0.00743338388006213,0.00532816460695153,0.0445371072682219,0.0196379564968284,0.0071815545989724,0.00595212421689047,0.00638369887569519,0.0059321138901387,0.0171749391283342,0.00405127538918228,0.00448442235597395,0.0794404160497607,0.00116695207380301,0.126203313401452,0.00543990084238592,0.00921664044639378,0.021203080916694,0.0362126410489414,0.00291891298641951
"47","P","6",0.616048602521918,0.288931549907103,0.386966591244653,0.269490933925835,0.240056760745571,0.523651715655846,1,1,0.580111720234307,0.515885852849595,0.358138083468726,0.136733426049371,0.386322894496633,0.720021346198863,0.769069817801913,0.367311222662941,0.0498644714845621,0.227303914988255,0.144246380919654,0.559668279363422,0.179271999883541,0.895065729605467,0.0468425897658985,0.0700266044298593,0.420621308033325,1,0.433926575210049,0.57058529463484,1,0.85684371275635,0.455572168368638,0.404932130051738,0.830014612268412,0.778604791480405,0.888275754952299,0.832997938787351,0.273884615986775,0.676853143023205,0.0031079418909702,0.811063222825612,0.247185332576134,0.290666697335081,0.188965155271681,0.506994721943591,0.315753225130036
"49","P","6",0.00975583405140347,0.0439405512100323,0.00354849596668067,0.000225120957499693,0.00173865979003809,0.00108196082104725,0.0189134930307776,0.0179172170215801,0.00553739804812726,0.0627708306461149,0.00995640440050145,0.00878147987849222,0.000286952757275599,0.0216454635810796,0.00112636810785365,0.016150313666299,0.0007474620608693,0.00125499622304495,0.00110322639913276,0.0247025828394698,0.0242167895199193,0.00660763082137219,0.000203873977660577,0.00043977281693873,0.00178018764587485,0.00355854992441675,0.00405975671370497,0.000565658219869054,0.020744672865412,0.00193401346533709,0.00114085220031945,0.00102116281461089,0.00186079480834395,0.00196118963491447,0.00676970960405224,0.00132682706942849,0.00148912199048757,0.00565259565753089,0.000140490968445246,0.00356324381770823,0.00265015298609788,0.00411905926180264,0.0117169277764903,0.0479141144557085,0.000675510959225159
"5","C","2",0.101280678481782,0.0205402587724485,0.0522942793302095,0.00238936160741713,0.0344910580300959,0.0160695536699499,0.0902904787294035,0.217312296490265,0.061560486911344,0.125662801544835,0.0611185685361046,0.0495012550888956,0.103681233082386,0.200518250781699,0.0204951781721663,0.0786446862586048,0.133118999966735,0.0331802383560695,0.0664813868454589,0.0863989736921327,0.105582367921672,0.437367618820156,0.154672349887217,0.103756906164087,0.153390454994519,0.281162937522874,0.426992719554233,0.0892966427485145,0.0996341017392158,0.0449580580061451,0.120426764214867,0.130619868490612,0.198721792709842,0.180627186882498,0.204232961530133,0.198957876059509,0.0392653077224879,0.115318458769843,0.0677390293125857,0.160246322151405,0.00378352750551474,0.0305475750343642,0.217325541967724,0.556123163312997,0.224965035847655
"50","P","6",0.455754737024066,0.190933863114866,0.0694190411937637,0.0178384088506078,0.028466890163162,0.0406207788540596,0.528450395706955,0.43640938533323,0.326694427981199,0.210237346301096,0.124216852626772,0.0834167937667492,0.010136886165175,0.197642703382573,0.0529182072792915,0.108023264131056,0.0220076114604888,0.0217962572872133,0.00737239778563251,0.24902035350983,0.0945454481804682,0.0490487164628882,0.00169547897960079,0.00761632175111261,0.0515863289542006,0.40491877606045,0.363145305346835,0.268744711449047,0.558373721228166,0.00978818269377747,0.00220882206946436,0.00196172903810369,0.0239215867638913,0.0232149646899773,0.179070013767943,0.0258536619179968,0.0407640148644869,0.11218977039185,0.000126048792497393,0.00877310009691117,0.0150427049346795,0.0834953223769568,0.0508158494651845,0.171867813010912,0.0135324795723091
"51","F","6",0.139941630974329,0.0609821006886737,0.0716005820765223,0.000187198968320348,0.0671757099405398,0.00216589101677367,0.0737247667337325,0.398777375397323,0.025055328117298,0.0979328221072679,0.0710680211193924,0.0203027469311934,0.00254010547710329,0.126314603362962,0.0373053006261318,0.0871492205826298,0.0039038955598416,0.037237992114258,0.0222066842656752,0.152479726855891,0.0855150056416036,0.0561271403881983,0.00182827504213875,0.0393607559994644,0.0709567226469339,0.0717590356216925,0.104651445414032,0.0740512003617185,0.171536396800562,0.0163439597110246,0.00652452915427791,0.00632191500212216,0.0207420710950221,0.0211226839244386,0.166912068941381,0.0210936662951343,0.062522312077985,0.0293639746832376,0.00299710238508015,0.00626689113088381,0.0142847826837062,0.0190992170217389,0.108461361235471,0.128458867983431,0.0239770582265587
"52","F","6",0.00547891394650261,0.000179550699828001,0.00288216433824817,1.67315330111761e-06,0.00113183792240147,0.000148447814814688,0.00625263170947311,0.0306137811260857,0.000825149878340045,0.0289343182605086,0.00512100681555543,0.0269247744862329,2.35762080280969e-05,0.0169504622526557,0.00163409966465159,0.0059582247381091,0.00103470869547704,0.000495163750218918,0.000683564151347693,0.020141301375652,0.0110390412067356,0.0124914748174062,5.14160495970076e-05,0.000595127100564184,0.000963467592173992,0.00439210246151177,0.00252162248861739,0.000413416559384229,0.0121383175700022,0.00140914482743166,0.0028919510864005,0.00255185787285438,0.00468458239212288,0.00459967566165213,0.00800567759984361,0.00337011898429703,0.00161837467942409,0.00367735871103815,0.0032268107951893,0.000763953245891145,0.00261512567248545,0.00196347885192886,0.0535240037867941,0.0202627751659897,0.00111127253491535
"53","F","6",0.242600896818631,0.104750099856007,0.109859420385076,0.0289197431000303,0.0599993005889837,0.0703025988708146,0.369605250640487,0.638764280319077,0.318790780827523,0.330084292853067,0.183027667816588,0.147805816810897,0.445090303097156,0.333448762772015,0.0402125155670289,0.213344451273976,0.68792022242498,0.132468376234872,0.182037768956887,0.223050415743339,0.0922662256119427,0.259304878196144,0.0104269634126366,0.0892785996786642,0.327455522667345,0.308374764115345,0.200979663331927,0.0998410996916794,0.377610755805048,0.0326064403087817,0.00791351810552032,0.00726935081402973,0.0389770768512533,0.0394221831789424,0.138164777839462,0.0363281201155125,0.0915598336030154,0.180378827575449,0.0111013523857085,0.0351941829016653,0.00999297306167853,0.0579723643726158,0.16015107223307,0.104469251925068,0.115115591637207
"54","F","6",0.128015624213066,0.130954725118666,0.196450064589211,0.000365832823229277,0.129294702510828,0.0215818913323956,0.179734360744161,0.880944025627402,0.0544465706552004,0.159777682752696,0.0923542473824652,0.0555497077201839,0.0051573406149732,0.505393592715753,0.0768025131611769,0.229710114916361,0.00750175045482092,0.0792338740976424,0.034244118622464,0.289794607232804,0.113059104092601,0.899582283037083,0.00288230797077964,0.0870403370858985,0.606492218610668,0.560812964754762,0.460189202651788,0.295865758749955,0.359339831585454,0.0177259386735751,0.31544918741169,0.300991917727282,0.131163753684189,0.123672533536675,0.485189425004199,0.194111187726473,0.187670019196306,1,0.0198007193871508,0.417157772641576,0.00892636436422774,0.131333333595964,0.498241026956693,0.443203160144242,0.431255284788542
"55","F","6",0.0142894770863001,0.0272628145634617,0.00742620582488594,3.52381078529534e-06,0.00559212016415729,0.000651369492881868,0.0118398289878233,0.164213786026024,0.00269679651294768,0.0986579036932437,0.0143742465395624,0.0476588003828227,0.000204508391433731,0.117439611962244,0.00966628229417248,0.0192247552128933,0.00306984136789933,0.00238318284250399,0.00386870720255178,0.105641905928226,0.0717323139611778,0.197669780427779,0.000145165901500986,0.00443403106762408,0.00312742048214126,0.0256125046138102,0.00418883608431611,0.0165256392974398,0.0444093856707767,0.00550860521959249,0.016906337176952,0.0134381271149715,0.0184760477837518,0.0170767979791626,0.0155392936999195,0.0124717783177248,0.00338034768715019,0.0812054854223666,0.00660053310843513,0.21181676949645,0.00427889510011353,0.0142771005327755,0.141602281351672,0.0903265270626964,0.0749865470928639
"56","M","6",0.484850028447439,9.68634124864232e-07,0.253799946291605,0.000269280988217289,0.134833091833686,0.0186590756799388,0.248027508822951,0.340412145880112,0.0720857397352953,0.471008532269725,0.197259016389855,0.0618047163225744,0.390385198808745,0.209512547613637,0.0531064906909226,0.170493336589639,0.00221509419716885,0.102830184255604,0.0698699644031751,0.269858818025109,0.076760051828676,0.0751378532321861,0.00297640286867366,0.0291001782755921,0.247914321084425,0.312475591004368,0.270096361530762,0.467230004561814,0.285064337542936,0.00935076774180695,0.00563360429087669,0.0049981614481671,0.0153504973865001,0.0159537897065202,0.267051471283173,0.0162785422698981,0.0720264530926863,0.0482986720819581,0.000711796678956638,0.00368358076140727,0.0122390276844806,0.0363287626225993,0.0190595237358413,0.0370230690916354,0.00273181628872175
"57","M","6",0.146362300299063,0.0987168197603638,0.0439219288105691,0.00653688235871699,0.0158416559085232,0.0234702601126248,0.30692151401696,0.289051238787142,0.159061912917591,0.123849179660143,0.0737579703727299,0.0390383917906152,0.00471283496847722,0.10357212855669,0.0307268069663986,0.0446384497431593,0.0111925195065781,0.00849527622716031,0.00816821374765039,0.118309853850302,0.0316484832950849,0.0661142025177598,0.000853305082334202,0.00574986740985183,0.0328767959947983,0.105240859551822,0.398102388448147,0.0103009703611247,0.256945754618979,0.00487554881386414,0.00983464741815787,0.0086136295503947,0.0204326785923081,0.0212813413721932,0.108246763973016,0.020276956154333,0.0173266390398523,0.0648236295563022,0.00018765201488025,0.0452661169320206,0.00423990567722812,0.0361668379536158,0.0361629951357091,0.0883418561830015,0.0235757596873241
"58","M","6",0.0127069776714897,0.060391192120855,0.00392037523534594,0.00043610607897144,0.00184707531895922,0.00022845622191514,0.0210416464290124,0.0420196315591544,0.00863001465413096,0.104173554923695,0.0122754217666378,0.0141207511782737,0.000253428587633874,0.045132008666537,0.00169510373462114,0.00895935527967908,0.00193129788072681,0.00090537909175643,0.000870714798765843,0.0302270732457219,0.0409239399427542,0.0519738111596328,0.00035855577286619,0.000245389953146829,0.00668547048622438,0.0129834862515146,0.00500978975261795,0.015020657287765,0.0549644164025166,0.00357581057767024,0.0114236596944309,0.00926367200674184,0.00820473831402089,0.00807305946732297,0.010994765196987,0.00549789860624971,0.00254602207576968,0.0469041124732409,0.00264222645605123,0.0990688427674441,0.00559255458918234,0.00925978366509318,0.0355950204615447,0.0427424282434521,0.00724137831159487
"59","M","6",0.14717932772644,0.0613098354393089,0.0925731874980392,0.467519869246319,0.0732976540151842,1,0.60509868963427,0.199250377073279,1,0.10715216138911,0.100103500555423,0.0455224030763973,0.209035617251314,0.358476004222049,0.047618134841819,0.579757954130802,0.00703077246466502,0.0346325546952204,0.243290340778292,0.287322774053094,0.0858625963987018,0.0241072248359182,0.00108127721257205,0.016565821916604,0.0996316034601413,0.0791677156631279,0.423593442075064,0.0352043532093909,0.281290797844292,0.0127018134384234,0.0026541905811992,0.00224967421597749,0.0125136827376214,0.0112810526341711,0.281855456093677,0.0124207259548563,0.0392919679924745,0.0456154143712897,0.000706318339044653,0.00830123240027338,0.00470829139330406,0.0552822867961175,0.0344673544196343,0.526828446818901,0.0302891274948069
"6","P","2",0.832797596514529,0.00123715945988287,1,0.000479279977963402,1,0.0375435680986237,0.57228963381092,0.881995590028324,0.106724100193595,0.784725420318824,1,0.122216954180766,1,1,0.304198443493265,0.627755255319912,0.0458027990488071,0.411158033044251,1,1,0.447453424127575,0.488110854218865,0.505892449170057,0.252918230432726,1,0.602155138349232,0.384905323260442,0.298730979425358,0.607477688734469,1,1,1,1,1,0.83547113551473,1,1,0.42815866575826,0.0361719559279837,0.428580089639178,1,0.216861354635656,0.10654139909153,0.955872520444688,0.594981889518551
"60","M","6",0.200968227026009,1.26366839314276e-06,0.112448078182865,0.0128833681128324,0.173793043190195,0.0596040165108186,0.441555181486023,0.371961552107153,0.285533053619272,0.145607568405694,0.111075001207193,0.0500081850760344,0.0112239748970914,0.182811629016642,0.0553179105232401,0.154699579028369,0.0499759648091527,0.0313489295268044,0.023512488318593,0.19013805421798,0.0666010543620266,0.047980813312322,0.00117995272258137,0.0265571696377702,0.0783759718674493,0.146901227012418,0.151552332323588,0.0470506756404072,0.231571701211994,0.00400157048976704,0.00189032958318948,0.00188449748321052,0.0130665171723912,0.0148181433531127,0.137217558197486,0.0126977583439735,0.0577663141638301,0.0617513891027649,0.000219833264790944,0.0113945002902198,0.00872692513837471,0.0387102762063072,0.0229370110677596,0.162968589435164,0.023776798057603
"7","P","2",0.353496395057102,1,0.361642841635863,0.000410022139233745,0.248873232177049,0.0170718649693654,0.416701522856804,0.530677612021706,0.118267027732566,0.42336379569312,0.448918049854295,0.0629293447012107,0.0217420290724949,0.525363489053074,0.146090674748111,0.242235506445991,0.0104474950262076,0.115449308122099,0.109592203323081,0.375324515162506,0.107694115045973,0.271786317361413,0.0306720533332627,0.0502806726151546,0.227787563211404,0.29215792715892,0.548658049535232,0.0514684464569107,0.576679115378376,0.0657191804017241,0.149361998863392,0.130833973073551,0.0910490610625817,0.0891142221069895,0.362798287984057,0.088589917745833,0.127819924029665,0.235307103802782,0.00426122390303689,0.345541533835461,0.0158018355291846,0.0755538129104698,0.0874648099526659,0.380830408233334,0.13076912184
"8","P","2",0.0116927552765906,0.0735025331204293,0.00529857518245977,0.00376695314758766,0.00554153521280549,0.0129193449041178,0.0293598437733477,0.0322345011854572,0.0259503860312205,0.0683565812627987,0.0177694421332659,0.0114395438874113,0.0149811600792295,0.0545024843921834,0.00193914563978201,0.034349628850811,0.00285745295708045,0.00449352153009568,0.0226389994068381,0.0260836676048527,0.0937131504521879,0.0655249610966378,0.000942044583967968,0.00241707109088476,0.00750696162221508,0.00500554424927918,0.0155783480934349,0.00135284310325449,0.0378286641253208,0.0543938470542313,0.0225012331870682,0.0178595642562395,0.00912801598665151,0.00868240228727854,0.0126604038908363,0.00559794044927023,0.00448577618225916,0.0757994363214064,0.00164718330927946,0.173615812982925,0.00188802057838966,0.00708628926388152,0.0350597477752873,0.100262666970315,0.0097296377572028
"9","P","2",0.455997873831101,0.269981497180831,0.277570142958986,0.0331428023688706,0.121854008636033,0.0827793673855643,0.835599100326042,0.42112183735008,0.664220666212447,0.413859747269519,0.386552364363627,0.147924754198566,0.0148420392734978,0.559686714010469,0.12712605651364,0.3123379320679,0.168858532353599,0.0551944246183747,0.0617092081261628,0.666928999080269,0.134461412899751,0.286404690931351,0.015905427252404,0.0147611471769241,0.133288533289514,0.479027841968473,0.433250969393842,0.106020469635431,0.733879700362519,0.0470970175793743,0.0586031779137011,0.0498671086752608,0.105608820220532,0.0986575464491133,0.378896589610896,0.10979892268825,0.120811694739175,0.579331013593517,0.00241854414264001,0.274675363392892,0.0126055397983424,0.163027604286651,0.275665513172298,1,0.26786938364152
