Tr;Time;RI_mz;N;mean;sd;se
1;C;2;X.Pyruvic.acid..1TMS.;5;0.104722998667456;0.0210574310309837;0.00941716944335863
2;C;2;X.Lactic.Acid..2TMS.;5;0.0796362858548511;0.0318186668285516;0.0142297403964118
3;C;2;X.Valine..1TMS.;5;0.104615995826813;0.0376552199623546;0.0168399263087064
4;C;2;X.Alanine..2TMS.;5;0.0016562572348204;0.000320221102749237;0.000143207230715448
5;C;2;X.Leucine..2TMS.;5;0.0582088459467133;0.03218859955689;0.0143951793419451
6;C;2;X.Threonine..2TMS.;5;0.148440034885412;0.0597910733613949;0.0267393808967512
7;C;2;X.Proline..2TMS.;5;0.0216016752760721;0.0119777160230238;0.00535659744853394
8;C;2;X.Succinic.acid..2TMS.;5;0.0608608463211017;0.0385640175917017;0.0172463529641085
9;C;2;X.Glycine..3TMS.;5;0.0895828026304586;0.0320924947941161;0.0143521999854403
10;C;2;X.Fumaric.acid..2TMS.;5;0.0156422527852826;0.00608371918680137;0.00272072193154152
11;C;2;X.Serine..3TMS.;5;0.0405707353029341;0.0671825083748628;0.0300449311250284
12;C;2;X.Methionine..1TMS.;5;0.170986186509175;0.114478606196844;0.0511963890851144
13;C;2;X.Aspartic.acid..2TMS.;5;0.0296510009610843;0.012649438564169;0.00565700090133786
14;C;2;X.Glutamine...H2O...2TMS.;5;0.0696013271390846;0.0665390605827038;0.0297571725243805
15;C;2;X.Malic.acid..3TMS.;5;0.00721183429666673;0.0090800617615647;0.00406072706775103
16;C;2;X.Glutamic.acid..2TMS.;5;0.113571377261249;0.0551497793408969;0.0246637311100718
17;C;2;X.2.Oxoglutaric.acid..1MEOX...2TMS..BP;5;0.0581519030730067;0.0308871855389157;0.0138131692997328
18;C;2;X.Threonic.acid..4TMS.;5;0.25159582165174;0.142370045180459;0.0636698197966445
19;C;2;X.Phenylalanine..2TMS.;5;0.162226494986151;0.0876351166385383;0.0391916156039789
20;C;2;X.Asparagine..3TMS.;5;0.176037589164984;0.111596348109806;0.0499074040828514
21;C;2;X.Putrescine..4TMS.;5;0.230851984568109;0.272775746604173;0.121989022404038
22;C;2;X.Ornithine..4TMS.;5;0.115639170881625;0.0751365311420544;0.0336020782454327
23;C;2;X.Citric.acid..4TMS.;5;0.0122642873449028;0.0137803120604668;0.00616274290367279
24;C;2;X.Fructose..1MEOX...5TMS..MP;5;0.162587254207512;0.150864731804877;0.067468759144596
25;C;2;X.Galactose..1MEOX...5TMS..MP;5;0.137414865561411;0.185681171100143;0.0830391441443377
26;C;2;X.Lysine..4TMS.;5;0.174713798771546;0.0474942723039693;0.0212400842827122
27;C;2;X.Tyrosine..3TMS.;5;0.075018644513321;0.0504972130975751;0.0225830402320941
28;C;2;X.Glucose..1MEOX...5TMS..BP;5;0.112889342121379;0.147034291824217;0.0657557343084983
29;C;2;X.Gluconic.acid..6TMS.;5;0.0501259275017654;0.0990126462394966;0.0442798015247307
30;C;2;X.myo.Inositol..6TMS.;5;0.161786015544011;0.0914361023384935;0.0408914680852998
31;C;2;X.Sucrose..8TMS.;5;0.00482387751503551;0.00416180224481826;0.00186121454566497
32;C;2;X.Trehalose..8TMS.;5;0.0396305101162198;0.0218718861806016;0.00978140485919269
33;C;2;X.Maltose..1MEOX...8TMS..MP;5;0.232174018046235;0.169846963056206;0.0759578710331143
34;C;2;X.Melibiose..1MEOX...8TMS..BP;5;0.169460878354736;0.100037068583085;0.0447379371243173
35;C;2;X.Galactinol..9TMS.;5;0.057501301493191;0.0611454564491241;0.0273450794270989
36;C;4;X.Pyruvic.acid..1TMS.;5;0.117556792694372;0.0198471421047293;0.0088759117810546
37;C;4;X.Lactic.Acid..2TMS.;5;0.113442708718444;0.0655578517028094;0.0293183625732664
38;C;4;X.Valine..1TMS.;5;0.0952106342388084;0.0236143445168989;0.0105606559167771
39;C;4;X.Alanine..2TMS.;5;0.0297610325283487;0.0554262618547661;0.0247873778491921
40;C;4;X.Leucine..2TMS.;5;0.0871662042107452;0.0524581963017983;0.0234600185815698
41;C;4;X.Threonine..2TMS.;5;0.181033621437099;0.052741528299564;0.0235867285030108
42;C;4;X.Proline..2TMS.;5;0.0509301818821887;0.0496788240153052;0.0222170455080943
43;C;4;X.Succinic.acid..2TMS.;5;0.0446532773045235;0.0242473468611188;0.0108437431710956
44;C;4;X.Glycine..3TMS.;5;0.116871576674799;0.0504592776941538;0.0225660750039334
45;C;4;X.Fumaric.acid..2TMS.;5;0.0143134992892308;0.00492960639533107;0.00220458700045559
46;C;4;X.Serine..3TMS.;5;0.127778757443793;0.0329322853648627;0.0147277657460509
47;C;4;X.Methionine..1TMS.;5;0.149712011150543;0.0954211447269117;0.042673633220044
48;C;4;X.Aspartic.acid..2TMS.;5;0.030319867740205;0.0184512020550555;0.00825162841233758
49;C;4;X.Glutamine...H2O...2TMS.;5;0.0372972910453865;0.0112791592700647;0.0050441933713823
50;C;4;X.Malic.acid..3TMS.;5;0.00201293936591435;0.000722380400456401;0.000323058336206807
51;C;4;X.Glutamic.acid..2TMS.;5;0.147520831874093;0.0720422495884347;0.0322182734663493
52;C;4;X.2.Oxoglutaric.acid..1MEOX...2TMS..BP;5;0.0850953579346805;0.0652967577189255;0.0292015977939703
53;C;4;X.Threonic.acid..4TMS.;5;0.144958754213991;0.104387880941734;0.0466836795625745
54;C;4;X.Phenylalanine..2TMS.;5;0.225907107245109;0.0543876663451624;0.0243229038170721
55;C;4;X.Asparagine..3TMS.;5;0.120251994994948;0.0534985950383512;0.0239252990412973
56;C;4;X.Putrescine..4TMS.;5;0.224227457748243;0.122135138548884;0.0546204944473319
57;C;4;X.Ornithine..4TMS.;5;0.140374759669926;0.067209920835928;0.0300571903503029
58;C;4;X.Citric.acid..4TMS.;5;0.00484764120805496;0.00202589026028386;0.000906005667389891
59;C;4;X.Fructose..1MEOX...5TMS..MP;5;0.0403673570963774;0.0486671034091473;0.021764590298173
60;C;4;X.Galactose..1MEOX...5TMS..MP;5;0.0199307145969871;0.00733948996551903;0.00328231969661563
61;C;4;X.Lysine..4TMS.;5;0.177240101059643;0.0478656484350774;0.0214061687375879
62;C;4;X.Tyrosine..3TMS.;5;0.0764911998067309;0.0299464104341896;0.0133924418825914
63;C;4;X.Glucose..1MEOX...5TMS..BP;5;0.113503663999235;0.0742821054137763;0.0332199674434018
64;C;4;X.Gluconic.acid..6TMS.;5;0.00293105665571498;0.00173410506045153;0.000775515359059199
65;C;4;X.myo.Inositol..6TMS.;5;0.109300248849937;0.0663928845633493;0.0296918006211891
66;C;4;X.Sucrose..8TMS.;5;0.00378546514558776;0.00255773129870011;0.00114385221041445
67;C;4;X.Trehalose..8TMS.;5;0.0415257433579584;0.0176285658246731;0.00788373430595975
68;C;4;X.Maltose..1MEOX...8TMS..MP;5;0.189433385628538;0.0905121757629485;0.0404782755594723
69;C;4;X.Melibiose..1MEOX...8TMS..BP;5;0.149368677403803;0.088351504483134;0.039511993987733
70;C;4;X.Galactinol..9TMS.;5;0.0250346985297499;0.0127162608822141;0.00568688475045043
71;C;6;X.Pyruvic.acid..1TMS.;5;0.255031578849224;0.103668585653536;0.0463620009305132
72;C;6;X.Lactic.Acid..2TMS.;5;0.163844324649043;0.114602345203195;0.051251726851048
73;C;6;X.Valine..1TMS.;5;0.15132970001755;0.0474412786013014;0.0212163847784032
74;C;6;X.Alanine..2TMS.;5;0.00329636205538942;0.000724674339038378;0.000324084216727908
75;C;6;X.Leucine..2TMS.;5;0.0795654817533832;0.0389490904473769;0.0174185627804245
76;C;6;X.Threonine..2TMS.;5;0.318156195481405;0.0994353085438023;0.0444688218535215
77;C;6;X.Proline..2TMS.;5;0.0359945641039503;0.0207149950182568;0.00926402740287834
78;C;6;X.Succinic.acid..2TMS.;5;0.0479572613664977;0.0214933107063989;0.00961210076020638
79;C;6;X.Glycine..3TMS.;5;0.165156957302313;0.0856790780528158;0.0383168485551213
80;C;6;X.Fumaric.acid..2TMS.;5;0.0162039455533915;0.00412437861038489;0.00184447818755335
81;C;6;X.Serine..3TMS.;5;0.156580951860948;0.10770038648325;0.0481650770759093
82;C;6;X.Methionine..1TMS.;5;0.232317910176624;0.158292136789463;0.0707903956329868
83;C;6;X.Aspartic.acid..2TMS.;5;0.0414681175616212;0.0230846372600553;0.0103237636298816
84;C;6;X.Glutamine...H2O...2TMS.;5;0.0493309213194047;0.0108641595453063;0.00485859985234162
85;C;6;X.Malic.acid..3TMS.;5;0.00121576360720535;0.000503231136259848;0.000225051805814296
86;C;6;X.Glutamic.acid..2TMS.;5;0.143619179455376;0.048426533229667;0.0216570040432376
87;C;6;X.2.Oxoglutaric.acid..1MEOX...2TMS..BP;5;0.0504466604997056;0.0432318889600774;0.0193338885020912
88;C;6;X.Threonic.acid..4TMS.;5;0.167335846948064;0.11371216184079;0.0508536247488928
89;C;6;X.Phenylalanine..2TMS.;5;0.302721743991613;0.157203541591597;0.0703035610605053
90;C;6;X.Asparagine..3TMS.;5;0.136909673268906;0.0486266850039131;0.0217465146378439
91;C;6;X.Putrescine..4TMS.;5;0.231529224260127;0.0737775754236995;0.032994334772502
92;C;6;X.Ornithine..4TMS.;5;0.163155571490534;0.0792065290151639;0.0354222366279432
93;C;6;X.Citric.acid..4TMS.;5;0.0043479956020639;0.00231716187555051;0.00103626629372037
94;C;6;X.Fructose..1MEOX...5TMS..MP;5;0.0607387511020727;0.114303144935509;0.0511179204235619
95;C;6;X.Galactose..1MEOX...5TMS..MP;5;0.0422897901527328;0.0275630833722328;0.0123265856179613
96;C;6;X.Lysine..4TMS.;5;0.236323833330482;0.0627822679427851;0.0280770837803347
97;C;6;X.Tyrosine..3TMS.;5;0.106247549230949;0.0604465404043368;0.0270325146697569
98;C;6;X.Glucose..1MEOX...5TMS..BP;5;0.12785458927337;0.0843045645598035;0.0377021474338481
99;C;6;X.Gluconic.acid..6TMS.;5;0.00381173869222998;0.00367274760109569;0.00164250266004985
100;C;6;X.myo.Inositol..6TMS.;5;0.141686437969842;0.156058979018338;0.0697916971168432
101;C;6;X.Sucrose..8TMS.;5;0.0335712068120278;0.0422506742774424;0.0188950759559126
102;C;6;X.Trehalose..8TMS.;5;0.0457421708276388;0.0178801949860762;0.00799626628796344
103;C;6;X.Maltose..1MEOX...8TMS..MP;5;0.295032575620519;0.222265193238541;0.0994000162227007
104;C;6;X.Melibiose..1MEOX...8TMS..BP;5;0.127237722966591;0.104639272071687;0.0467961050936776
105;C;6;X.Galactinol..9TMS.;5;0.0574992461575806;0.0863374675422634;0.0386112892859365
106;F;2;X.Pyruvic.acid..1TMS.;5;0.312165001569647;0.184700110469689;0.0826004004923892
107;F;2;X.Lactic.Acid..2TMS.;5;0.319183226030545;0.115480252001634;0.0516443387068921
108;F;2;X.Valine..1TMS.;5;0.377552269608919;0.350237681305688;0.156631052736285
109;F;2;X.Alanine..2TMS.;5;0.0221553798564488;0.0404088859043961;0.0180714031554526
110;F;2;X.Leucine..2TMS.;5;0.14207669650697;0.0597743419128667;0.0267318983654969
111;F;2;X.Threonine..2TMS.;5;0.38128698284859;0.134418505447571;0.0601137831229391
112;F;2;X.Proline..2TMS.;5;0.0957853216785742;0.111759198535667;0.0499802330073294
113;F;2;X.Succinic.acid..2TMS.;5;0.520066117230256;0.330401842623449;0.147760195999444
114;F;2;X.Glycine..3TMS.;5;0.359363953259376;0.255811568087243;0.114402411134778
115;F;2;X.Fumaric.acid..2TMS.;5;0.258659207689676;0.416918246990478;0.186451508266151
116;F;2;X.Serine..3TMS.;5;0.130880506825504;0.126286290148626;0.0564769458797181
117;F;2;X.Methionine..1TMS.;5;0.479761130062502;0.217715943232646;0.0973655297707365
118;F;2;X.Aspartic.acid..2TMS.;5;0.259364643523336;0.414355768113862;0.185305532874347
119;F;2;X.Glutamine...H2O...2TMS.;5;0.120829862833333;0.0868258032394017;0.0388296796488647
120;F;2;X.Malic.acid..3TMS.;5;0.271768832396598;0.429978988656757;0.192292449506624
121;F;2;X.Glutamic.acid..2TMS.;5;0.429662887855715;0.332057417682159;0.148500591674069
122;F;2;X.2.Oxoglutaric.acid..1MEOX...2TMS..BP;5;0.351774903992197;0.365060304682121;0.163259931431201
123;F;2;X.Threonic.acid..4TMS.;5;0.571952983954936;0.328681963539517;0.146991042690494
124;F;2;X.Phenylalanine..2TMS.;5;0.317153367343833;0.269438721420812;0.120496659373513
125;F;2;X.Asparagine..3TMS.;5;0.559843814505788;0.376719838863819;0.168474233634453
126;F;2;X.Putrescine..4TMS.;5;0.313613706391635;0.39316751171416;0.175829856547461
127;F;2;X.Ornithine..4TMS.;5;0.303436625167413;0.0735358541380299;0.0328862337272288
128;F;2;X.Citric.acid..4TMS.;5;0.37104784758682;0.288269512434022;0.128918045128639
129;F;2;X.Fructose..1MEOX...5TMS..MP;5;0.217426830213392;0.187418460908368;0.0838160837658997
130;F;2;X.Galactose..1MEOX...5TMS..MP;5;0.209148300725697;0.207900860381274;0.0929760912786442
131;F;2;X.Lysine..4TMS.;5;0.344675214851685;0.152392806612543;0.0681521349735252
132;F;2;X.Tyrosine..3TMS.;5;0.28036495140697;0.402748467013709;0.180114590015297
133;F;2;X.Glucose..1MEOX...5TMS..BP;5;0.323818581130128;0.277424891289405;0.12406818311472
134;F;2;X.Gluconic.acid..6TMS.;5;0.340603486279958;0.410060487605479;0.183384625034512
135;F;2;X.myo.Inositol..6TMS.;5;0.365347252665724;0.176087812593226;0.0787488637935394
136;F;2;X.Sucrose..8TMS.;5;0.0159188582433276;0.0157692188474942;0.00705220905901357
137;F;2;X.Trehalose..8TMS.;5;0.170825101030179;0.154343170186676;0.0690243640800455
138;F;2;X.Maltose..1MEOX...8TMS..MP;5;0.515912103897561;0.16057859626667;0.0718129313967537
139;F;2;X.Melibiose..1MEOX...8TMS..BP;5;0.387822834065864;0.201997494010276;0.0903360255783166
140;F;2;X.Galactinol..9TMS.;5;0.513247511684317;0.327077337206261;0.146273431978564
141;F;4;X.Pyruvic.acid..1TMS.;5;0.137052602143193;0.0646864673818784;0.0289286676580406
142;F;4;X.Lactic.Acid..2TMS.;5;0.141635201125028;0.0500842754821369;0.0223983689163768
143;F;4;X.Valine..1TMS.;5;0.0865608053910559;0.039866245467569;0.0178287269746354
144;F;4;X.Alanine..2TMS.;5;0.00337217280839935;0.000766430609577246;0.000342758188610265
145;F;4;X.Leucine..2TMS.;5;0.0806548417019637;0.0245987416885058;0.0110008917152914
146;F;4;X.Threonine..2TMS.;5;0.217493914400219;0.0644957466738709;0.0288433747644763
147;F;4;X.Proline..2TMS.;5;0.0271175060637342;0.0118247780732295;0.00528820151811803
148;F;4;X.Succinic.acid..2TMS.;5;0.160908911712295;0.15891407769378;0.0710685360609949
149;F;4;X.Glycine..3TMS.;5;0.0648183368566694;0.04431350391287;0.0198176014140761
150;F;4;X.Fumaric.acid..2TMS.;5;0.0291417970827258;0.0199047633607972;0.00890168079015793
151;F;4;X.Serine..3TMS.;5;0.009440826709913;0.0145349115023528;0.00650021003324091
152;F;4;X.Methionine..1TMS.;5;0.241440910574637;0.109553155753806;0.0489936606830266
153;F;4;X.Aspartic.acid..2TMS.;5;0.0279282404998691;0.014629152350001;0.00654235582156058
154;F;4;X.Glutamine...H2O...2TMS.;5;0.026797749853221;0.0133379331509429;0.00596490504097127
155;F;4;X.Malic.acid..3TMS.;5;0.00734882919694941;0.0117677753411807;0.00526270912136515
156;F;4;X.Glutamic.acid..2TMS.;5;0.155257920174183;0.0393856142403259;0.0176137821553905
157;F;4;X.2.Oxoglutaric.acid..1MEOX...2TMS..BP;5;0.129539882430262;0.0722931680153088;0.0323304875982088
158;F;4;X.Threonic.acid..4TMS.;5;0.290774185273445;0.193943697419641;0.0867342582475938
159;F;4;X.Phenylalanine..2TMS.;5;0.0883685727405746;0.064434287970165;0.0288158895966172
160;F;4;X.Asparagine..3TMS.;5;0.228213036535935;0.20393806654293;0.0912038759979733
161;F;4;X.Putrescine..4TMS.;5;0.147056025334144;0.124624717046341;0.0557338677984589
162;F;4;X.Ornithine..4TMS.;5;0.187130980482768;0.0464350011896166;0.0207663638390532
163;F;4;X.Citric.acid..4TMS.;5;0.0372703166304055;0.0730013086888217;0.0326471777349303
164;F;4;X.Fructose..1MEOX...5TMS..MP;5;0.157974685207687;0.236376041823963;0.105710579554143
165;F;4;X.Galactose..1MEOX...5TMS..MP;5;0.0302730685546777;0.0193293482767571;0.00864434734151947
166;F;4;X.Lysine..4TMS.;5;0.166657408036595;0.0981428915292725;0.0438908353935683
167;F;4;X.Tyrosine..3TMS.;5;0.0537073903749064;0.0529915216446926;0.0236985289257368
168;F;4;X.Glucose..1MEOX...5TMS..BP;5;0.112771588424411;0.104004053531066;0.0465120267261979
169;F;4;X.Gluconic.acid..6TMS.;5;0.143045219186911;0.297440539991433;0.133019453337018
170;F;4;X.myo.Inositol..6TMS.;5;0.160041969000064;0.210124134389091;0.093970369641462
171;F;4;X.Sucrose..8TMS.;5;0.0114949899402522;0.01728305170608;0.00772921569468773
172;F;4;X.Trehalose..8TMS.;5;0.0580995665583211;0.0215525391597397;0.00963858852978084
173;F;4;X.Maltose..1MEOX...8TMS..MP;5;0.278310801849248;0.0965210308185567;0.043165517233729
174;F;4;X.Melibiose..1MEOX...8TMS..BP;5;0.08687223431313;0.0395344035456672;0.0176803227556041
175;F;4;X.Galactinol..9TMS.;5;0.182892715803348;0.151817957425296;0.0678950546016264
176;F;6;X.Pyruvic.acid..1TMS.;5;0.145450512821531;0.058048240348829;0.0259599622788455
177;F;6;X.Lactic.Acid..2TMS.;5;0.138414779737465;0.0560636849390261;0.0250724421185587
178;F;6;X.Valine..1TMS.;5;0.151723893311275;0.0394229104426296;0.0176304615241212
179;F;6;X.Alanine..2TMS.;5;0.00559824710147767;0.00369957071081255;0.00165449831938882
180;F;6;X.Leucine..2TMS.;5;0.0967903428244482;0.0304013202683261;0.0135958837451438
181;F;6;X.Threonine..2TMS.;5;0.338668327961534;0.0771283308285523;0.0344928381447471
182;F;6;X.Proline..2TMS.;5;0.0423388556655121;0.010916857953055;0.00488216729674804
183;F;6;X.Succinic.acid..2TMS.;5;0.121817141879851;0.0752342642174602;0.0336457858054842
184;F;6;X.Glycine..3TMS.;5;0.125750738760288;0.0615814844731951;0.0275400770874824
185;F;6;X.Fumaric.acid..2TMS.;5;0.0336510074294329;0.0165644564931995;0.00740785014582637
186;F;6;X.Serine..3TMS.;5;0.0396901033190383;0.0820583575634878;0.0366976131267885
187;F;6;X.Methionine..1TMS.;5;0.245870187618118;0.101077738755151;0.0452033389736966
188;F;6;X.Aspartic.acid..2TMS.;5;0.0613173237259825;0.0275726850039003;0.012330879598182
189;F;6;X.Glutamine...H2O...2TMS.;5;0.0554937606753717;0.0211120452546899;0.00944159366670771
190;F;6;X.Malic.acid..3TMS.;5;0.0110772527903598;0.0201338813609061;0.00900414547478041
191;F;6;X.Glutamic.acid..2TMS.;5;0.239699798875899;0.0631652059950569;0.0282483388835449
192;F;6;X.2.Oxoglutaric.acid..1MEOX...2TMS..BP;5;0.0681936520391905;0.021537801867418;0.00963199781229372
193;F;6;X.Threonic.acid..4TMS.;5;0.242433115271386;0.250177790330519;0.111882909127946
194;F;6;X.Phenylalanine..2TMS.;5;0.244414408696488;0.170816780519617;0.0763915865879052
195;F;6;X.Asparagine..3TMS.;5;0.197490036350084;0.13372901226236;0.0598054323965081
196;F;6;X.Putrescine..4TMS.;5;0.120380168219758;0.0965813043720981;0.0431924723863218
197;F;6;X.Ornithine..4TMS.;5;0.222294948144682;0.0470178664512463;0.0210270291083987
198;F;6;X.Citric.acid..4TMS.;5;0.0116838911962837;0.00827888902121052;0.00370243172592068
199;F;6;X.Fructose..1MEOX...5TMS..MP;5;0.0433561640864218;0.0713722702073736;0.0319186495784341
200;F;6;X.Galactose..1MEOX...5TMS..MP;5;0.0502177488624259;0.0350903130224518;0.0156928650539897
201;F;6;X.Lysine..4TMS.;5;0.244613906463932;0.110789404026494;0.049546527717986
202;F;6;X.Tyrosine..3TMS.;5;0.101347586244021;0.0346981963794528;0.0155175051602187
203;F;6;X.Glucose..1MEOX...5TMS..BP;5;0.292797277764398;0.406598688427622;0.181836461377284
204;F;6;X.Gluconic.acid..6TMS.;5;0.0172681534970659;0.0124749375597704;0.00557896167974239
205;F;6;X.myo.Inositol..6TMS.;5;0.125850398518344;0.184534184140569;0.082526195982155
206;F;6;X.Sucrose..8TMS.;5;0.0106726223700281;0.00363149684110932;0.00162405475935924
207;F;6;X.Trehalose..8TMS.;5;0.0756734950474511;0.0463355389437845;0.0207218829704782
208;F;6;X.Maltose..1MEOX...8TMS..MP;5;0.523007469160831;0.293241161156216;0.131141434029254
209;F;6;X.Melibiose..1MEOX...8TMS..BP;5;0.176881179131485;0.110290291222894;0.0493233176865277
210;F;6;X.Galactinol..9TMS.;5;0.152802230332901;0.163979881490357;0.0733340323909594
211;M;2;X.Pyruvic.acid..1TMS.;4;0.457251933293907;0.04806176172381;0.024030880861905
212;M;2;X.Lactic.Acid..2TMS.;4;0.383926248767564;0.154525190655592;0.0772625953277959
213;M;2;X.Valine..1TMS.;4;0.494277059458007;0.282817445774479;0.141408722887239
214;M;2;X.Alanine..2TMS.;4;0.0179169782995206;0.0156161346696153;0.00780806733480767
215;M;2;X.Leucine..2TMS.;4;0.223402101013082;0.0618513801440175;0.0309256900720088
216;M;2;X.Threonine..2TMS.;4;0.482014942464367;0.137867709302808;0.0689338546514039
217;M;2;X.Proline..2TMS.;4;0.105952424091883;0.0402030471645813;0.0201015235822906
218;M;2;X.Succinic.acid..2TMS.;4;0.214662835546459;0.0725320009977932;0.0362660004988966
219;M;2;X.Glycine..3TMS.;4;0.478947778026702;0.0900039084471337;0.0450019542235668
220;M;2;X.Fumaric.acid..2TMS.;4;0.0542186591906616;0.0231420189888825;0.0115710094944412
221;M;2;X.Serine..3TMS.;4;0.129406479327304;0.137706682225013;0.0688533411125063
222;M;2;X.Methionine..1TMS.;4;0.487971271329972;0.12513561528847;0.0625678076442349
223;M;2;X.Aspartic.acid..2TMS.;4;0.130973288789008;0.08942559849644;0.04471279924822
224;M;2;X.Glutamine...H2O...2TMS.;4;0.35074159304868;0.442508565716846;0.221254282858423
225;M;2;X.Malic.acid..3TMS.;4;0.0106060463001724;0.00885522133680743;0.00442761066840371
226;M;2;X.Glutamic.acid..2TMS.;4;0.46901721178103;0.174721259184246;0.087360629592123
227;M;2;X.2.Oxoglutaric.acid..1MEOX...2TMS..BP;4;0.0822343403033991;0.0295269275772744;0.0147634637886372
228;M;2;X.Threonic.acid..4TMS.;4;0.124802598259472;0.0292292715964051;0.0146146357982026
229;M;2;X.Phenylalanine..2TMS.;4;0.409805728280333;0.27900246155843;0.139501230779215
230;M;2;X.Asparagine..3TMS.;4;0.237829797641399;0.0816402590012195;0.0408201295006097
231;M;2;X.Putrescine..4TMS.;4;0.380093192894172;0.181410830758753;0.0907054153793767
232;M;2;X.Ornithine..4TMS.;4;0.464036763097196;0.178037902590648;0.0890189512953238
233;M;2;X.Citric.acid..4TMS.;4;0.0320209960332794;0.0308331819295843;0.0154165909647922
234;M;2;X.Fructose..1MEOX...5TMS..MP;4;0.0176589839233981;0.00703367121676642;0.00351683560838321
235;M;2;X.Galactose..1MEOX...5TMS..MP;4;0.0318095410373102;0.00834034945936095;0.00417017472968048
236;M;2;X.Lysine..4TMS.;4;0.474898558531596;0.227953265357404;0.113976632678702
237;M;2;X.Tyrosine..3TMS.;4;0.131189120937641;0.0652205184335506;0.0326102592167753
238;M;2;X.Glucose..1MEOX...5TMS..BP;4;0.167850726267116;0.104449867834123;0.0522249339170616
239;M;2;X.Gluconic.acid..6TMS.;4;0.00639364064932503;0.00216906458166525;0.00108453229083262
240;M;2;X.myo.Inositol..6TMS.;4;0.145536240788316;0.110062785045752;0.0550313925228762
241;M;2;X.Sucrose..8TMS.;4;0.0142517919774762;0.00583757869919458;0.00291878934959729
242;M;2;X.Trehalose..8TMS.;4;0.107196109574981;0.0448368464261104;0.0224184232130552
243;M;2;X.Maltose..1MEOX...8TMS..MP;4;0.151100258484406;0.0465732812980042;0.0232866406490021
244;M;2;X.Melibiose..1MEOX...8TMS..BP;4;0.268265840079956;0.117052221637076;0.0585261108185381
245;M;2;X.Galactinol..9TMS.;4;0.063330555418855;0.017847376283214;0.00892368814160698
246;M;4;X.Pyruvic.acid..1TMS.;5;0.556852953127418;0.271050542935217;0.121217487868274
247;M;4;X.Lactic.Acid..2TMS.;5;0.559103503410579;0.0905035367799457;0.0404744120888222
248;M;4;X.Valine..1TMS.;5;0.414310575048327;0.103813087008836;0.0464266239011717
249;M;4;X.Alanine..2TMS.;5;0.103158351849853;0.187708260936345;0.0839456862783871
250;M;4;X.Leucine..2TMS.;5;0.282434155419769;0.0732701731319351;0.0327674175692371
251;M;4;X.Threonine..2TMS.;5;0.484411865068504;0.103440899622661;0.0462601766420004
252;M;4;X.Proline..2TMS.;5;0.126812422028333;0.0614610807246678;0.0274862308941919
253;M;4;X.Succinic.acid..2TMS.;5;0.252009469624925;0.0755787713764507;0.0337998540907318
254;M;4;X.Glycine..3TMS.;5;0.55322168004757;0.160407657316551;0.0717364851742601
255;M;4;X.Fumaric.acid..2TMS.;5;0.0464927561352006;0.0106703770099349;0.00477193766795306
256;M;4;X.Serine..3TMS.;5;0.131776988459267;0.13272605327072;0.0593568954997176
257;M;4;X.Methionine..1TMS.;5;0.522665203542982;0.229859068954453;0.102796100685394
258;M;4;X.Aspartic.acid..2TMS.;5;0.13246540620017;0.0279056611448318;0.0124797910553837
259;M;4;X.Glutamine...H2O...2TMS.;5;0.0735953521733037;0.0325213159530115;0.0145439746377364
260;M;4;X.Malic.acid..3TMS.;5;0.00400302596073934;0.00343858045756989;0.00153777992984572
261;M;4;X.Glutamic.acid..2TMS.;5;0.403977541597614;0.118977503488897;0.0532083571188786
262;M;4;X.2.Oxoglutaric.acid..1MEOX...2TMS..BP;5;0.110039000130652;0.0136722807568786;0.00611442983596855
263;M;4;X.Threonic.acid..4TMS.;5;0.175718176918793;0.139833233477945;0.0625353231140569
264;M;4;X.Phenylalanine..2TMS.;5;0.313190827306002;0.0904889452872909;0.0404678865749283
265;M;4;X.Asparagine..3TMS.;5;0.252290208634197;0.0655911516128663;0.0293332547457728
266;M;4;X.Putrescine..4TMS.;5;0.175514074971139;0.0319975940957189;0.0143097591028947
267;M;4;X.Ornithine..4TMS.;5;0.448647160264555;0.137272242608637;0.0613900131793511
268;M;4;X.Citric.acid..4TMS.;5;0.0838968028859853;0.170224576204364;0.0761267447668104
269;M;4;X.Fructose..1MEOX...5TMS..MP;5;0.0438504027169243;0.0662841976603032;0.0296431943604941
270;M;4;X.Galactose..1MEOX...5TMS..MP;5;0.0761117110538885;0.064723839382251;0.0289453809246982
271;M;4;X.Lysine..4TMS.;5;0.379147782390923;0.068457889720085;0.0306152990020588
272;M;4;X.Tyrosine..3TMS.;5;0.147595085735511;0.0393847713301479;0.0176134051944991
273;M;4;X.Glucose..1MEOX...5TMS..BP;5;0.150055608115264;0.110851864574372;0.0495744609241795
274;M;4;X.Gluconic.acid..6TMS.;5;0.00422624979632048;0.00335321533740141;0.00149960348752489
275;M;4;X.myo.Inositol..6TMS.;5;0.224087382788763;0.295230663933637;0.132031166719602
276;M;4;X.Sucrose..8TMS.;5;0.0179356963929179;0.00965895017858171;0.00431961383811849
277;M;4;X.Trehalose..8TMS.;5;0.183426885138811;0.115653967001683;0.0517220264166561
278;M;4;X.Maltose..1MEOX...8TMS..MP;5;0.204808478104916;0.142912835593537;0.06391256304888
279;M;4;X.Melibiose..1MEOX...8TMS..BP;5;0.194534804600184;0.182810163049666;0.0817551903113749
280;M;4;X.Galactinol..9TMS.;5;0.0685210745822611;0.105734858921274;0.0472860664278638
281;M;6;X.Pyruvic.acid..1TMS.;5;0.386149139993781;0.163907489305038;0.0733016576214769
282;M;6;X.Lactic.Acid..2TMS.;5;0.333605038302426;0.0848849870552945;0.0379617202649656
283;M;6;X.Valine..1TMS.;5;0.239334172792273;0.0915729453808742;0.040952666154302
284;M;6;X.Alanine..2TMS.;5;0.0846466286015486;0.171742821351069;0.0768057246377186
285;M;6;X.Leucine..2TMS.;5;0.254007657843601;0.177439015029985;0.0793531398935307
286;M;6;X.Threonine..2TMS.;5;0.367735398907494;0.125710610843542;0.0562194942678363
287;M;6;X.Proline..2TMS.;5;0.14869161451677;0.178639828803668;0.0798901601387854
288;M;6;X.Succinic.acid..2TMS.;5;0.237566156579129;0.111845904829171;0.0500190092405995
289;M;6;X.Glycine..3TMS.;5;0.238432174079064;0.0794499417063202;0.0355310940927455
290;M;6;X.Fumaric.acid..2TMS.;5;0.0416553662961365;0.012150462284328;0.00543385192516097
291;M;6;X.Serine..3TMS.;5;0.074380079009329;0.0914839256601614;0.0409128553249316
292;M;6;X.Methionine..1TMS.;5;0.373329342541023;0.280446534306489;0.125419502952707
293;M;6;X.Aspartic.acid..2TMS.;5;0.0781512820433441;0.0390793976662952;0.0174768379403166
294;M;6;X.Glutamine...H2O...2TMS.;5;0.189785169368757;0.280003667445689;0.125221446871561
295;M;6;X.Malic.acid..3TMS.;5;0.00254266338795101;0.00283764707086464;0.0012690343493213
296;M;6;X.Glutamic.acid..2TMS.;5;0.347728426866391;0.178148389735517;0.0796703819061482
297;M;6;X.2.Oxoglutaric.acid..1MEOX...2TMS..BP;5;0.112253184762617;0.0698428350227746;0.0312346653704454
298;M;6;X.Threonic.acid..4TMS.;5;0.0697476410838289;0.0318245700084237;0.0142323803787073
299;M;6;X.Phenylalanine..2TMS.;5;0.212167719826157;0.0892598765251309;0.0399182303146861
300;M;6;X.Asparagine..3TMS.;5;0.222981299097965;0.109234833852972;0.0488513028012283
301;M;6;X.Putrescine..4TMS.;5;0.180753287470428;0.0824338810785465;0.0368655523481527
302;M;6;X.Ornithine..4TMS.;5;0.337905660082177;0.0939688408776218;0.0420241431938447
303;M;6;X.Citric.acid..4TMS.;5;0.00833021992030468;0.00572821051546835;0.00256173362040327
304;M;6;X.Fructose..1MEOX...5TMS..MP;5;0.0130683314352825;0.00758921270410891;0.0033939991004185
305;M;6;X.Galactose..1MEOX...5TMS..MP;5;0.0267746127341308;0.00534188453057905;0.00238896338766586
306;M;6;X.Lysine..4TMS.;5;0.280480610036561;0.126922087079571;0.0567612829112137
307;M;6;X.Tyrosine..3TMS.;5;0.0844878038559594;0.0391596212050346;0.0175127149975199
308;M;6;X.Glucose..1MEOX...5TMS..BP;5;0.101776334318822;0.0708640062751584;0.0316913470378452
309;M;6;X.Gluconic.acid..6TMS.;5;0.00326979554771416;0.00273653197443668;0.00122381430348843
310;M;6;X.myo.Inositol..6TMS.;5;0.0407390817713611;0.0400500547927677;0.017910929003844
311;M;6;X.Sucrose..8TMS.;5;0.0136961777447375;0.00605834573294224;0.00270937457801093
312;M;6;X.Trehalose..8TMS.;5;0.08699422577354;0.0319449323097259;0.0142862080362353
313;M;6;X.Maltose..1MEOX...8TMS..MP;5;0.12825638326317;0.0507838156107339;0.0227112127724832
314;M;6;X.Melibiose..1MEOX...8TMS..BP;5;0.197034220135729;0.228157410903378;0.102035096070061
315;M;6;X.Galactinol..9TMS.;5;0.0299663753970318;0.0167453835038474;0.00748876316478129
316;P;2;X.Pyruvic.acid..1TMS.;5;0.568082172578834;0.139035220121203;0.0621784406915313
317;P;2;X.Lactic.Acid..2TMS.;5;0.600385906088142;0.220766336609636;0.0987297071605494
318;P;2;X.Valine..1TMS.;5;0.480238979289796;0.218593344853038;0.0977579157040894
319;P;2;X.Alanine..2TMS.;5;0.123185077652794;0.250220361596399;0.111901947576825
320;P;2;X.Leucine..2TMS.;5;0.30484908460281;0.11427507977379;0.0511053693016809
321;P;2;X.Threonine..2TMS.;5;0.545326900553726;0.0796101469401268;0.0356027400513741
322;P;2;X.Proline..2TMS.;5;0.189693262529621;0.152492237657743;0.0681966018887534
323;P;2;X.Succinic.acid..2TMS.;5;0.345999605023721;0.144601334705779;0.0646676828078642
324;P;2;X.Glycine..3TMS.;5;0.59170646819117;0.266467465399051;0.11916787328487
325;P;2;X.Fumaric.acid..2TMS.;5;0.0652776910052394;0.0272661983934203;0.0121938146191367
326;P;2;X.Serine..3TMS.;5;0.24765959783228;0.322921773085314;0.144415007206705
327;P;2;X.Methionine..1TMS.;5;0.684621868618168;0.253801285586986;0.113503385469868
328;P;2;X.Aspartic.acid..2TMS.;5;0.146487629648253;0.0533136732143094;0.0238425994874811
329;P;2;X.Glutamine...H2O...2TMS.;5;0.136491426074118;0.0631557905737728;0.0282441281791393
330;P;2;X.Malic.acid..3TMS.;5;0.0102811454063908;0.00822087428674287;0.00367648674792743
331;P;2;X.Glutamic.acid..2TMS.;5;0.620633483172895;0.253938854669801;0.113564908234023
332;P;2;X.2.Oxoglutaric.acid..1MEOX...2TMS..BP;5;0.274105066663688;0.119150055738803;0.0532855248309706
333;P;2;X.Threonic.acid..4TMS.;5;0.266042056357564;0.0856579033902731;0.0383073789581521
334;P;2;X.Phenylalanine..2TMS.;5;0.485786169119002;0.360568151137505;0.161250979292976
335;P;2;X.Asparagine..3TMS.;5;0.341227587057683;0.147435491140617;0.0659351560972974
336;P;2;X.Putrescine..4TMS.;5;0.339613669744299;0.15275338102435;0.0683133887526745
337;P;2;X.Ornithine..4TMS.;5;0.572736257517922;0.162618981630113;0.0727254194713445
338;P;2;X.Citric.acid..4TMS.;5;0.245837499478425;0.422746893882522;0.189058158399642
339;P;2;X.Fructose..1MEOX...5TMS..MP;5;0.189885123411073;0.249054769436633;0.11138067891617
340;P;2;X.Galactose..1MEOX...5TMS..MP;5;0.266273135898896;0.411738667178467;0.184135129755243
341;P;2;X.Lysine..4TMS.;5;0.531832279929706;0.128233911954498;0.0573479488301959
342;P;2;X.Tyrosine..3TMS.;5;0.327069890813311;0.352151074580981;0.157486748222534
343;P;2;X.Glucose..1MEOX...5TMS..BP;5;0.432694705187354;0.206407188755946;0.092308101020585
344;P;2;X.Gluconic.acid..6TMS.;5;0.0154060118822559;0.0180734357877862;0.00808268620169349
345;P;2;X.myo.Inositol..6TMS.;5;0.327679086519216;0.138491836335029;0.0619354320747798
346;P;2;X.Sucrose..8TMS.;5;0.211460180662143;0.440824708805951;0.197142803010331
347;P;2;X.Trehalose..8TMS.;5;0.188983918454502;0.0753415741271455;0.0336937762560274
348;P;2;X.Maltose..1MEOX...8TMS..MP;5;0.332780048806184;0.202281591199494;0.0904630777037786
349;P;2;X.Melibiose..1MEOX...8TMS..BP;5;0.496468209742769;0.360693226199714;0.161306914561254
350;P;2;X.Galactinol..9TMS.;5;0.230755090158968;0.218694016131428;0.0978029372684619
351;P;4;X.Pyruvic.acid..1TMS.;5;0.481631907201102;0.266591918342949;0.119223530333381
352;P;4;X.Lactic.Acid..2TMS.;5;0.426092201380908;0.148486222959285;0.0664050576518302
353;P;4;X.Valine..1TMS.;5;0.291993020775287;0.097603245174167;0.0436494982068031
354;P;4;X.Alanine..2TMS.;5;0.0137254344885532;0.0061489886538024;0.00274991132455542
355;P;4;X.Leucine..2TMS.;5;0.250997267037201;0.0779618463344857;0.0348655976110606
356;P;4;X.Threonine..2TMS.;5;0.434061632944321;0.100804088500218;0.0450809588592786
357;P;4;X.Proline..2TMS.;5;0.115574761393509;0.0449768027370755;0.0201142376661399
358;P;4;X.Succinic.acid..2TMS.;5;0.304494209790675;0.169720840253752;0.0759014672011546
359;P;4;X.Glycine..3TMS.;5;0.435795952870528;0.19910125816644;0.0890407895331791
360;P;4;X.Fumaric.acid..2TMS.;5;0.0588602552250867;0.0298825769120129;0.0133638946636253
361;P;4;X.Serine..3TMS.;5;0.0454779713222953;0.0230350495069506;0.0103015873125229
362;P;4;X.Methionine..1TMS.;5;0.449410041416362;0.182760328077759;0.0817329034344066
363;P;4;X.Aspartic.acid..2TMS.;5;0.150704206830838;0.0850786806832887;0.0380483426887663
364;P;4;X.Glutamine...H2O...2TMS.;5;0.158649324588756;0.117789029718721;0.0526768554909605
365;P;4;X.Malic.acid..3TMS.;5;0.00521369430309501;0.00341157680790823;0.00152570353058891
366;P;4;X.Glutamic.acid..2TMS.;5;0.52043657322458;0.207895887803765;0.0929738674743774
367;P;4;X.2.Oxoglutaric.acid..1MEOX...2TMS..BP;5;0.129763880570685;0.0503594735281096;0.0225214412239908
368;P;4;X.Threonic.acid..4TMS.;5;0.206715663324992;0.0963055619873497;0.0430691566430067
369;P;4;X.Phenylalanine..2TMS.;5;0.361451357988063;0.174562611293573;0.0780667730364601
370;P;4;X.Asparagine..3TMS.;5;0.27579350843378;0.0548570728664682;0.0245328287952164
371;P;4;X.Putrescine..4TMS.;5;0.265713150940535;0.198979782237417;0.0889864638461937
372;P;4;X.Ornithine..4TMS.;5;0.591354737314514;0.191176951290892;0.0854969317635201
373;P;4;X.Citric.acid..4TMS.;5;0.0818060474528385;0.114758318818361;0.0513214803722896
374;P;4;X.Fructose..1MEOX...5TMS..MP;5;0.0374592775425075;0.0349090411317018;0.0156117977999643
375;P;4;X.Galactose..1MEOX...5TMS..MP;5;0.0495244425147108;0.0195057995010321;0.00872325872795784
376;P;4;X.Lysine..4TMS.;5;0.434301162001947;0.206331126648461;0.0922740850120152
377;P;4;X.Tyrosine..3TMS.;5;0.184608541239537;0.135524360666581;0.0606083366115348
378;P;4;X.Glucose..1MEOX...5TMS..BP;5;0.311021596617879;0.149919701907662;0.0670461289264074
379;P;4;X.Gluconic.acid..6TMS.;5;0.00874630257601982;0.00634543851880503;0.00283776637501872
380;P;4;X.myo.Inositol..6TMS.;5;0.219245424570439;0.187842940445517;0.084005916785924
381;P;4;X.Sucrose..8TMS.;5;0.0115160166131865;0.00321965214913283;0.00143987221387286
382;P;4;X.Trehalose..8TMS.;5;0.354765628522208;0.386575590277689;0.172881859660604
383;P;4;X.Maltose..1MEOX...8TMS..MP;5;0.276430087938456;0.112633354945236;0.0503711676382818
384;P;4;X.Melibiose..1MEOX...8TMS..BP;5;0.363520122705762;0.259020754602737;0.115837602975002
385;P;4;X.Galactinol..9TMS.;5;0.192544057344007;0.194314512364449;0.0869000917323264
386;P;6;X.Pyruvic.acid..1TMS.;4;0.720449665839337;0.203598760840667;0.101799380420334
387;P;6;X.Lactic.Acid..2TMS.;4;0.702254493282989;0.233800638595594;0.116900319297797
388;P;6;X.Valine..1TMS.;4;0.35401217350527;0.264411260375967;0.132205630187983
389;P;6;X.Alanine..2TMS.;4;0.294092216169298;0.473248641104974;0.236624320552487
390;P;6;X.Leucine..2TMS.;4;0.505823941230783;0.360704837081946;0.180352418540973
391;P;6;X.Threonine..2TMS.;4;0.586665753008894;0.290575593267358;0.145287796633679
392;P;6;X.Proline..2TMS.;4;0.331200966127833;0.447465795931094;0.223732897965547
393;P;6;X.Succinic.acid..2TMS.;4;0.345767382196372;0.146654939001488;0.0733274695007442
394;P;6;X.Glycine..3TMS.;4;0.590951838936778;0.347770433811767;0.173885216905884
395;P;6;X.Fumaric.acid..2TMS.;4;0.0707104354645587;0.0235653656217386;0.0117826828108693
396;P;6;X.Serine..3TMS.;4;0.303039148989183;0.471302430308996;0.235651215154498
397;P;6;X.Methionine..1TMS.;4;0.57902596544072;0.356469938291807;0.178234969145904
398;P;6;X.Aspartic.acid..2TMS.;4;0.346002875039837;0.372073758428677;0.186036879214339
399;P;6;X.Glutamine...H2O...2TMS.;4;0.140215610305648;0.0889447837868465;0.0444723918934233
400;P;6;X.Malic.acid..3TMS.;4;0.00266218870562486;0.00119885440659243;0.000599427203296216
401;P;6;X.Glutamic.acid..2TMS.;4;0.4909325463932;0.185253762563994;0.092626881281997
402;P;6;X.2.Oxoglutaric.acid..1MEOX...2TMS..BP;4;0.134298548687144;0.0588450746709789;0.0294225373354894
403;P;6;X.Threonic.acid..4TMS.;4;0.228530470586788;0.302810793360335;0.151405396680167
404;P;6;X.Phenylalanine..2TMS.;4;0.443139916600993;0.316178264473265;0.158089132236632
405;P;6;X.Asparagine..3TMS.;4;0.383267540323982;0.250567270893284;0.125283635446642
406;P;6;X.Putrescine..4TMS.;4;0.184724020291697;0.0391661709098167;0.0195830854549084
407;P;6;X.Ornithine..4TMS.;4;0.595841107464578;0.27694388624819;0.138471943124095
408;P;6;X.Citric.acid..4TMS.;4;0.203650473466547;0.375040898701741;0.187520449350871
409;P;6;X.Fructose..1MEOX...5TMS..MP;4;0.256695468855989;0.495571935540762;0.247785967770381
410;P;6;X.Galactose..1MEOX...5TMS..MP;4;0.250862974359107;0.444595319123371;0.222297659561685
411;P;6;X.Lysine..4TMS.;4;0.522706357661329;0.346009279436349;0.173004639718174
412;P;6;X.Tyrosine..3TMS.;4;0.201516374132537;0.151380462950501;0.0756902314752505
413;P;6;X.Glucose..1MEOX...5TMS..BP;4;0.315310346779277;0.276755928119069;0.138377964059534
414;P;6;X.Gluconic.acid..6TMS.;4;0.00460604833437349;0.00603528592048082;0.00301764296024041
415;P;6;X.myo.Inositol..6TMS.;4;0.306012740517782;0.471812626657173;0.235906313328587
416;P;6;X.Sucrose..8TMS.;4;0.100384845033464;0.156874667607504;0.0784373338037521
417;P;6;X.Trehalose..8TMS.;4;0.166690385177563;0.103924013409885;0.0519620067049425
418;P;6;X.Maltose..1MEOX...8TMS..MP;4;0.245065545769037;0.127189377311974;0.0635946886559872
419;P;6;X.Melibiose..1MEOX...8TMS..BP;4;0.239657081513416;0.117265904955913;0.0586329524779567
420;P;6;X.Galactinol..9TMS.;4;0.0797938259132275;0.13138147715828;0.0656907385791401
